Timestamp,Hour,Device,Selected Entity,Selected Hour,Bandwidth,Delay,Loss,Rating,Device CPU,Device BW,Device Delay,Device Loss,Device Self Processing,Cloud CPU Usage,Cloud BW,Cloud Latency,Network Activity
0.00011563301086425781,0,device1,cloud7,0,1.2,61.609,0.0,2.78,0.15331167558516806,70.66607490665257,9.518795847718627,4.024398055089653,0.20353065476847748,0.5603025261912751,645.1946259039948,19.704681281174356,0.2
0.00011563301086425781,0,device2,cloud2,0,8.34,83.848,0.0,2.41,0.22686539514015336,58.65781489144146,22.764421601637288,0.5375802787902917,0.12547054078727224,0.5831810641902635,627.2833154024662,17.956725533232976,0.2
0.00011563301086425781,0,device3,cloud2,0,3.81,131.662,0.0,1.4,0.2327746495551645,39.64701498722409,46.346847691679145,3.0572241253905315,0.14221099315494304,0.5831810641902635,627.2833154024662,17.956725533232976,0.2
0.00011563301086425781,0,device4,cloud4,0,1.22,137.592,0.0,1.26,0.3783141672175063,21.285303507954907,48.07335094534069,2.608440543752819,0.22614224636376878,0.7406761465135387,595.8440787982345,19.662594696062342,0.2
0.00011563301086425781,0,device5,cloud1,0,3.76,92.902,0.0,2.18,0.38365474953363343,53.86887551030294,22.000462737074038,3.8282789052025485,0.17505490873049231,0.6362882185192487,614.0223083213511,23.131320925663317,0.2
0.00011563301086425781,0,device6,cloud3,0,1.34,106.171,0.0,1.89,0.40362060545579337,75.0895674114016,30.436321919419942,2.661183439367604,0.16330572403641025,0.7946156126813224,611.2027067697585,21.332563373730256,0.2
0.00011563301086425781,0,device7,cloud2,0,3.4,119.095,0.0,1.65,0.21036585436028715,70.14218721648425,40.269790599323244,1.4802576498004032,0.29106611641848135,0.5831810641902635,627.2833154024662,17.956725533232976,0.2
0.00011563301086425781,0,device8,cloud5,0,2.42,107.976,0.0,1.86,0.2851573919171556,13.450085850377347,28.081285950354033,3.4617585994945372,0.20725546586520127,0.785638936512573,517.8222614038962,24.474652137827064,0.2
0.00011563301086425781,0,device9,cloud7,0,1.41,90.011,0.0,2.21,0.3306552709826762,70.6669941484271,23.88994237180618,4.570831009661848,0.1916780132551914,0.5603025261912751,645.1946259039948,19.704681281174356,0.2
0.00011563301086425781,0,device10,cloud4,0,7.51,109.095,0.0,1.89,0.1370022821370634,66.618912063133,33.2680031608103,1.6596807108174465,0.22207693576477305,0.7406761465135387,595.8440787982345,19.662594696062342,0.2
0.00011563301086425781,0,device11,cloud4,0,9.93,50.5,0.0,3.09,0.33654322091340366,14.71574711974895,4.257590767460306,0.7281193285229021,0.2081477827591813,0.7406761465135387,595.8440787982345,19.662594696062342,0.2
0.00011563301086425781,0,device12,cloud7,0,2.5,71.514,0.0,2.59,0.20856759459340482,27.462011357818383,14.607286319602482,4.321984527504003,0.23009281350613975,0.5603025261912751,645.1946259039948,19.704681281174356,0.2
0.00011563301086425781,0,device13,cloud2,0,3.36,102.801,0.0,1.98,0.30668959088825043,31.372338383038944,31.836324571363022,2.2912238215914544,0.2386101371259879,0.5831810641902635,627.2833154024662,17.956725533232976,0.2
0.00011563301086425781,0,device14,cloud3,0,17.1,119.569,0.0,1.78,0.4473401494730773,82.25670316245072,36.93620373645412,1.6964076213264911,0.2212111183365439,0.7946156126813224,611.2027067697585,21.332563373730256,0.2
0.00011563301086425781,0,device15,cloud1,0,1.59,88.982,0.0,2.24,0.37283888568131807,27.035864545220644,19.97146305527845,3.9853985369393414,0.1781930764257505,0.6362882185192487,614.0223083213511,23.131320925663317,0.2
0.00011563301086425781,0,device16,cloud2,0,2.28,57.617,0.0,2.87,0.4331272099036112,68.51773029466872,9.562532466615773,1.665049792417097,0.13668814200517226,0.5831810641902635,627.2833154024662,17.956725533232976,0.2
0.00011563301086425781,0,device17,cloud4,0,4.24,101.849,0.0,2.01,0.17450882861530614,69.9123053715808,29.671533407724336,2.9052673456537508,0.1260840658469644,0.7406761465135387,595.8440787982345,19.662594696062342,0.2
0.00011563301086425781,0,device18,cloud7,0,5.3,101.62,0.0,2.02,0.27826112093418653,84.91883685422286,30.145544026514923,1.374142437800695,0.20578270639831706,0.5603025261912751,645.1946259039948,19.704681281174356,0.2
0.00011563301086425781,0,device19,cloud2,0,4.33,124.815,0.0,1.55,0.4773449630524954,48.764674556299994,43.25251927721427,2.179153268487944,0.2996512850719333,0.5831810641902635,627.2833154024662,17.956725533232976,0.2
0.00011563301086425781,0,device20,cloud3,0,1.19,133.568,0.0,1.34,0.1586530902730104,86.05871256726667,43.693424943597044,3.5930972901502747,0.2847823637854566,0.7946156126813224,611.2027067697585,21.332563373730256,0.2
0.00011563301086425781,0,device21,cloud4,0,2.77,60.423,0.0,2.82,0.42430676478186513,84.90991228893174,8.916744058718683,3.501570701893899,0.14819022778954394,0.7406761465135387,595.8440787982345,19.662594696062342,0.2
0.00011563301086425781,0,device22,cloud3,0,9.41,50.548,0.0,3.08,0.3003206410007373,51.454601268507886,2.457221999498234,0.7668117572709771,0.17809817957362967,0.7946156126813224,611.2027067697585,21.332563373730256,0.2
0.00011563301086425781,0,device23,cloud4,0,1.46,110.959,0.0,1.8,0.369737359742616,69.14922336927077,34.38288511539217,3.346318603041165,0.2244781535409746,0.7406761465135387,595.8440787982345,19.662594696062342,0.2
0.00011563301086425781,0,device24,cloud2,0,1.04,134.775,0.0,1.31,0.48948455566228,55.71567013163522,48.23257494752022,4.7080527581084555,0.263346239250945,0.5831810641902635,627.2833154024662,17.956725533232976,0.2
0.00011563301086425781,0,device25,cloud7,0,23.1,98.545,0.0,2.26,0.45687798653055867,86.96540645665053,28.14577866687706,0.9180653261913263,0.22216278670730516,0.5603025261912751,645.1946259039948,19.704681281174356,0.2
0.00011563301086425781,0,device26,cloud7,0,1.52,117.456,0.0,1.67,0.1863552308784407,43.68582736505059,37.543940168307614,3.5396574614177077,0.2231550528210403,0.5603025261912751,645.1946259039948,19.704681281174356,0.2
0.00011563301086425781,0,device27,cloud1,0,4.96,130.484,0.0,1.44,0.48797963763772867,85.39194528652982,40.85165283871714,2.195931192591032,0.15236119225116104,0.6362882185192487,614.0223083213511,23.131320925663317,0.2
0.00011563301086425781,0,device28,cloud2,0,2.75,114.555,0.0,1.74,0.19077027202418162,15.802258047822761,37.90889843888375,3.0067500952560904,0.15498667495279522,0.5831810641902635,627.2833154024662,17.956725533232976,0.2
0.00011563301086425781,0,device29,cloud2,0,11.4,88.085,0.0,2.35,0.449084889973702,16.70537378308275,24.591437584229844,0.9585308605774684,0.10755762313048008,0.5831810641902635,627.2833154024662,17.956725533232976,0.2
0.00011563301086425781,0,device30,cloud4,0,3.39,105.477,0.0,1.92,0.3411452313137383,36.85086091432905,31.713144943226283,1.735496209389558,0.25009263768033796,0.7406761465135387,595.8440787982345,19.662594696062342,0.2
5954.957891702652,9,device1,cloud4,9,2.28,60.878,0.0,2.81,0.15331167558516806,70.66607490665257,9.518795847718627,4.024398055089653,0.20353065476847748,0.725804951885458,641.0001352135687,26.964360786999237,0.9
5954.957891702652,9,device2,cloud2,9,17.6,84.155,0.0,2.49,0.22686539514015336,58.65781489144146,22.764421601637288,0.5375802787902917,0.12547054078727224,0.5799107234101707,525.8922813120374,12.648852850674475,0.9
5954.957891702652,9,device3,cloud7,9,3.86,135.22,0.0,1.33,0.2327746495551645,39.64701498722409,46.346847691679145,3.0572241253905315,0.14221099315494304,0.610914028027172,680.9316491382918,11.586411413370568,0.9
5954.957891702652,9,device4,cloud3,9,2.3,141.232,0.0,1.2,0.3783141672175063,21.285303507954907,48.07335094534069,2.608440543752819,0.22614224636376878,0.7054725878553303,644.0763063120405,25.460375807358737,0.9
5954.957891702652,9,device5,cloud2,9,9.42,83.255,0.0,2.43,0.38365474953363343,53.86887551030294,22.000462737074038,3.8282789052025485,0.17505490873049231,0.5799107234101707,525.8922813120374,12.648852850674475,0.9
5954.957891702652,9,device6,cloud2,9,2.03,99.523,0.0,2.03,0.40362060545579337,75.0895674114016,30.436321919419942,2.661183439367604,0.16330572403641025,0.5799107234101707,525.8922813120374,12.648852850674475,0.9
5954.957891702652,9,device7,cloud7,9,1.8,123.235,0.0,1.55,0.21036585436028715,70.14218721648425,40.269790599323244,1.4802576498004032,0.29106611641848135,0.610914028027172,680.9316491382918,11.586411413370568,0.9
5954.957891702652,9,device8,cloud4,9,0.699,98.752,0.0,2.03,0.2851573919171556,13.450085850377347,28.081285950354033,3.4617585994945372,0.20725546586520127,0.725804951885458,641.0001352135687,26.964360786999237,0.9
5954.957891702652,9,device9,cloud3,9,1.44,93.309,0.0,2.15,0.3306552709826762,70.6669941484271,23.88994237180618,4.570831009661848,0.1916780132551914,0.7054725878553303,644.0763063120405,25.460375807358737,0.9
5954.957891702652,9,device10,cloud3,9,6.05,111.909,0.0,1.82,0.1370022821370634,66.618912063133,33.2680031608103,1.6596807108174465,0.22207693576477305,0.7054725878553303,644.0763063120405,25.460375807358737,0.9
5954.957891702652,9,device11,cloud2,9,8.84,47.264,0.0,3.14,0.33654322091340366,14.71574711974895,4.257590767460306,0.7281193285229021,0.2081477827591813,0.5799107234101707,525.8922813120374,12.648852850674475,0.9
5954.957891702652,9,device12,cloud2,9,4.23,67.446,0.0,2.69,0.20856759459340482,27.462011357818383,14.607286319602482,4.321984527504003,0.23009281350613975,0.5799107234101707,525.8922813120374,12.648852850674475,0.9
5954.957891702652,9,device13,cloud1,9,4.29,112.56,0.0,1.79,0.30668959088825043,31.372338383038944,31.836324571363022,2.2912238215914544,0.2386101371259879,0.5240984619596478,571.9078019941746,12.988931159074657,0.9
5954.957891702652,9,device14,cloud7,9,6.22,116.33,0.0,1.74,0.4473401494730773,82.25670316245072,36.93620373645412,1.6964076213264911,0.2212111183365439,0.610914028027172,680.9316491382918,11.586411413370568,0.9
5954.957891702652,9,device15,cloud1,9,1.03,88.419,0.0,2.24,0.37283888568131807,27.035864545220644,19.97146305527845,3.9853985369393414,0.1781930764257505,0.5240984619596478,571.9078019941746,12.988931159074657,0.9
5954.957891702652,9,device16,cloud4,9,3.11,60.996,0.0,2.81,0.4331272099036112,68.51773029466872,9.562532466615773,1.665049792417097,0.13668814200517226,0.725804951885458,641.0001352135687,26.964360786999237,0.9
5954.957891702652,9,device17,cloud4,9,3.1,101.53,0.0,2.0,0.17450882861530614,69.9123053715808,29.671533407724336,2.9052673456537508,0.1260840658469644,0.725804951885458,641.0001352135687,26.964360786999237,0.9
5954.957891702652,9,device18,cloud3,9,9.6,105.676,0.0,1.98,0.27826112093418653,84.91883685422286,30.145544026514923,1.374142437800695,0.20578270639831706,0.7054725878553303,644.0763063120405,25.460375807358737,0.9
5954.957891702652,9,device19,cloud5,9,3.06,138.509,0.0,1.26,0.4773449630524954,48.764674556299994,43.25251927721427,2.179153268487944,0.2996512850719333,0.6243719116517158,540.8791348666753,27.12117286829158,0.9
5954.957891702652,9,device20,cloud7,9,1.48,129.436,0.0,1.43,0.1586530902730104,86.05871256726667,43.693424943597044,3.5930972901502747,0.2847823637854566,0.610914028027172,680.9316491382918,11.586411413370568,0.9
5954.957891702652,9,device21,cloud4,9,2.27,59.877,0.0,2.83,0.42430676478186513,84.90991228893174,8.916744058718683,3.501570701893899,0.14819022778954394,0.725804951885458,641.0001352135687,26.964360786999237,0.9
5954.957891702652,9,device22,cloud3,9,12.5,50.407,0.0,3.12,0.3003206410007373,51.454601268507886,2.457221999498234,0.7668117572709771,0.17809817957362967,0.7054725878553303,644.0763063120405,25.460375807358737,0.9
5954.957891702652,9,device23,cloud2,9,1.19,107.619,0.0,1.86,0.369737359742616,69.14922336927077,34.38288511539217,3.346318603041165,0.2244781535409746,0.5799107234101707,525.8922813120374,12.648852850674475,0.9
5954.957891702652,9,device24,cloud7,9,0.508,138.852,0.0,1.23,0.48948455566228,55.71567013163522,48.23257494752022,4.7080527581084555,0.263346239250945,0.610914028027172,680.9316491382918,11.586411413370568,0.9
5954.957891702652,9,device25,cloud5,9,28.5,108.551,0.0,2.11,0.45687798653055867,86.96540645665053,28.14577866687706,0.9180653261913263,0.22216278670730516,0.6243719116517158,540.8791348666753,27.12117286829158,0.9
5954.957891702652,9,device26,cloud5,9,5.29,126.823,0.0,1.52,0.1863552308784407,43.68582736505059,37.543940168307614,3.5396574614177077,0.2231550528210403,0.6243719116517158,540.8791348666753,27.12117286829158,0.9
5954.957891702652,9,device27,cloud1,9,1.98,130.996,0.0,1.4,0.48797963763772867,85.39194528652982,40.85165283871714,2.195931192591032,0.15236119225116104,0.5240984619596478,571.9078019941746,12.988931159074657,0.9
5954.957891702652,9,device28,cloud7,9,2.75,117.901,0.0,1.67,0.19077027202418162,15.802258047822761,37.90889843888375,3.0067500952560904,0.15498667495279522,0.610914028027172,680.9316491382918,11.586411413370568,0.9
5954.957891702652,9,device29,cloud7,9,9.82,91.637,0.0,2.27,0.449084889973702,16.70537378308275,24.591437584229844,0.9585308605774684,0.10755762313048008,0.610914028027172,680.9316491382918,11.586411413370568,0.9
5954.957891702652,9,device30,cloud1,9,7.06,112.274,0.0,1.83,0.3411452313137383,36.85086091432905,31.713144943226283,1.735496209389558,0.25009263768033796,0.5240984619596478,571.9078019941746,12.988931159074657,0.9
11642.497502565384,19,device1,cloud7,19,1.37,61.113,0.0,2.79,0.15331167558516806,70.66607490665257,9.518795847718627,4.024398055089653,0.20353065476847748,0.38875714819633655,615.8918793500942,17.059354558453517,0.8
11642.497502565384,19,device2,cloud2,19,18.9,83.815,0.0,2.51,0.22686539514015336,58.65781489144146,22.764421601637288,0.5375802787902917,0.12547054078727224,0.5413051347469743,570.3257829327501,14.909974071887898,0.8
11642.497502565384,19,device3,cloud2,19,2.27,130.793,0.0,1.41,0.2327746495551645,39.64701498722409,46.346847691679145,3.0572241253905315,0.14221099315494304,0.5413051347469743,570.3257829327501,14.909974071887898,0.8
11642.497502565384,19,device4,cloud2,19,5.07,134.856,0.0,1.35,0.3783141672175063,21.285303507954907,48.07335094534069,2.608440543752819,0.22614224636376878,0.5413051347469743,570.3257829327501,14.909974071887898,0.8
11642.497502565384,19,device5,cloud1,19,1.9,92.959,0.0,2.16,0.38365474953363343,53.86887551030294,22.000462737074038,3.8282789052025485,0.17505490873049231,0.36746447448009023,631.0513796402524,21.58018830083237,0.8
11642.497502565384,19,device6,cloud4,19,3.21,103.173,0.0,1.97,0.40362060545579337,75.0895674114016,30.436321919419942,2.661183439367604,0.16330572403641025,0.7512533826763823,645.900842374089,20.044914967490058,0.8
11642.497502565384,19,device7,cloud5,19,8.99,132.643,0.0,1.44,0.21036585436028715,70.14218721648425,40.269790599323244,1.4802576498004032,0.29106611641848135,0.6888995723851024,527.8638884703959,22.148539568042683,0.8
11642.497502565384,19,device8,cloud2,19,3.67,94.715,0.0,2.14,0.2851573919171556,13.450085850377347,28.081285950354033,3.4617585994945372,0.20725546586520127,0.5413051347469743,570.3257829327501,14.909974071887898,0.8
11642.497502565384,19,device9,cloud7,19,3.29,90.024,0.0,2.23,0.3306552709826762,70.6669941484271,23.88994237180618,4.570831009661848,0.1916780132551914,0.38875714819633655,615.8918793500942,17.059354558453517,0.8
11642.497502565384,19,device10,cloud4,19,3.26,108.629,0.0,1.86,0.1370022821370634,66.618912063133,33.2680031608103,1.6596807108174465,0.22207693576477305,0.7512533826763823,645.900842374089,20.044914967490058,0.8
11642.497502565384,19,device11,cloud4,19,8.69,50.816,0.0,3.07,0.33654322091340366,14.71574711974895,4.257590767460306,0.7281193285229021,0.2081477827591813,0.7512533826763823,645.900842374089,20.044914967490058,0.8
11642.497502565384,19,device12,cloud1,19,1.18,77.642,0.0,2.46,0.20856759459340482,27.462011357818383,14.607286319602482,4.321984527504003,0.23009281350613975,0.36746447448009023,631.0513796402524,21.58018830083237,0.8
11642.497502565384,19,device13,cloud5,19,2.47,116.037,0.0,1.7,0.30668959088825043,31.372338383038944,31.836324571363022,2.2912238215914544,0.2386101371259879,0.6888995723851024,527.8638884703959,22.148539568042683,0.8
11642.497502565384,19,device14,cloud2,19,4.44,112.79,0.0,1.79,0.4473401494730773,82.25670316245072,36.93620373645412,1.6964076213264911,0.2212111183365439,0.5413051347469743,570.3257829327501,14.909974071887898,0.8
11642.497502565384,19,device15,cloud3,19,2.06,84.865,0.0,2.32,0.37283888568131807,27.035864545220644,19.97146305527845,3.9853985369393414,0.1781930764257505,0.962805574786884,561.943012771931,22.003055796623112,0.8
11642.497502565384,19,device16,cloud7,19,5.76,61.232,0.0,2.83,0.4331272099036112,68.51773029466872,9.562532466615773,1.665049792417097,0.13668814200517226,0.38875714819633655,615.8918793500942,17.059354558453517,0.8
11642.497502565384,19,device17,cloud3,19,3.98,104.365,0.0,1.95,0.17450882861530614,69.9123053715808,29.671533407724336,2.9052673456537508,0.1260840658469644,0.962805574786884,561.943012771931,22.003055796623112,0.8
11642.497502565384,19,device18,cloud2,19,10.6,98.755,0.0,2.13,0.27826112093418653,84.91883685422286,30.145544026514923,1.374142437800695,0.20578270639831706,0.5413051347469743,570.3257829327501,14.909974071887898,0.8
11642.497502565384,19,device19,cloud3,19,5.82,131.995,0.0,1.42,0.4773449630524954,48.764674556299994,43.25251927721427,2.179153268487944,0.2996512850719333,0.962805574786884,561.943012771931,22.003055796623112,0.8
11642.497502565384,19,device20,cloud4,19,2.67,129.784,0.0,1.43,0.1586530902730104,86.05871256726667,43.693424943597044,3.5930972901502747,0.2847823637854566,0.7512533826763823,645.900842374089,20.044914967490058,0.8
11642.497502565384,19,device21,cloud3,19,3.94,63.868,0.0,2.76,0.42430676478186513,84.90991228893174,8.916744058718683,3.501570701893899,0.14819022778954394,0.962805574786884,561.943012771931,22.003055796623112,0.8
11642.497502565384,19,device22,cloud4,19,8.95,46.975,0.0,3.15,0.3003206410007373,51.454601268507886,2.457221999498234,0.7668117572709771,0.17809817957362967,0.7512533826763823,645.900842374089,20.044914967490058,0.8
11642.497502565384,19,device23,cloud4,19,1.52,110.586,0.0,1.8,0.369737359742616,69.14922336927077,34.38288511539217,3.346318603041165,0.2244781535409746,0.7512533826763823,645.900842374089,20.044914967490058,0.8
11642.497502565384,19,device24,cloud4,19,0.817,138.981,0.0,1.23,0.48948455566228,55.71567013163522,48.23257494752022,4.7080527581084555,0.263346239250945,0.7512533826763823,645.900842374089,20.044914967490058,0.8
11642.497502565384,19,device25,cloud7,19,12.0,98.584,0.0,2.15,0.45687798653055867,86.96540645665053,28.14577866687706,0.9180653261913263,0.22216278670730516,0.38875714819633655,615.8918793500942,17.059354558453517,0.8
11642.497502565384,19,device26,cloud2,19,1.58,113.12,0.0,1.75,0.1863552308784407,43.68582736505059,37.543940168307614,3.5396574614177077,0.2231550528210403,0.5413051347469743,570.3257829327501,14.909974071887898,0.8
11642.497502565384,19,device27,cloud2,19,3.57,120.533,0.0,1.63,0.48797963763772867,85.39194528652982,40.85165283871714,2.195931192591032,0.15236119225116104,0.5413051347469743,570.3257829327501,14.909974071887898,0.8
11642.497502565384,19,device28,cloud7,19,0.956,117.96,0.0,1.65,0.19077027202418162,15.802258047822761,37.90889843888375,3.0067500952560904,0.15498667495279522,0.38875714819633655,615.8918793500942,17.059354558453517,0.8
11642.497502565384,19,device29,cloud1,19,9.18,98.358,0.0,2.12,0.449084889973702,16.70537378308275,24.591437584229844,0.9585308605774684,0.10755762313048008,0.36746447448009023,631.0513796402524,21.58018830083237,0.8
11642.497502565384,19,device30,cloud3,19,1.94,108.951,0.0,1.84,0.3411452313137383,36.85086091432905,31.713144943226283,1.735496209389558,0.25009263768033796,0.962805574786884,561.943012771931,22.003055796623112,0.8
17393.237312555313,4,device1,cloud7,4,1.42,61.072,0.0,2.79,0.15331167558516806,70.66607490665257,9.518795847718627,4.024398055089653,0.20353065476847748,0.5607241130156799,648.0368730147036,24.901373970727075,0.2
17393.237312555313,4,device2,cloud2,4,14.2,83.877,0.0,2.46,0.22686539514015336,58.65781489144146,22.764421601637288,0.5375802787902917,0.12547054078727224,0.5721543814957072,607.515742329851,20.42451703866449,0.2
17393.237312555313,4,device3,cloud2,4,2.56,131.07,0.0,1.4,0.2327746495551645,39.64701498722409,46.346847691679145,3.0572241253905315,0.14221099315494304,0.5721543814957072,607.515742329851,20.42451703866449,0.2
17393.237312555313,4,device4,cloud2,4,1.79,134.872,0.0,1.32,0.3783141672175063,21.285303507954907,48.07335094534069,2.608440543752819,0.22614224636376878,0.5721543814957072,607.515742329851,20.42451703866449,0.2
17393.237312555313,4,device5,cloud2,4,3.16,82.565,0.0,2.38,0.38365474953363343,53.86887551030294,22.000462737074038,3.8282789052025485,0.17505490873049231,0.5721543814957072,607.515742329851,20.42451703866449,0.2
17393.237312555313,4,device6,cloud4,4,4.98,102.83,0.0,1.99,0.40362060545579337,75.0895674114016,30.436321919419942,2.661183439367604,0.16330572403641025,0.7822570040182906,582.2491059686542,22.216619848898986,0.2
17393.237312555313,4,device7,cloud2,4,2.99,118.72,0.0,1.66,0.21036585436028715,70.14218721648425,40.269790599323244,1.4802576498004032,0.29106611641848135,0.5721543814957072,607.515742329851,20.42451703866449,0.2
17393.237312555313,4,device8,cloud2,4,2.95,95.113,0.0,2.13,0.2851573919171556,13.450085850377347,28.081285950354033,3.4617585994945372,0.20725546586520127,0.5721543814957072,607.515742329851,20.42451703866449,0.2
17393.237312555313,4,device9,cloud1,4,3.95,96.499,0.0,2.11,0.3306552709826762,70.6669941484271,23.88994237180618,4.570831009661848,0.1916780132551914,0.6017094583959668,726.2960434349676,22.41836650694939,0.2
17393.237312555313,4,device10,cloud2,4,5.18,105.433,0.0,1.94,0.1370022821370634,66.618912063133,33.2680031608103,1.6596807108174465,0.22207693576477305,0.5721543814957072,607.515742329851,20.42451703866449,0.2
17393.237312555313,4,device11,cloud4,4,11.4,50.679,0.0,3.1,0.33654322091340366,14.71574711974895,4.257590767460306,0.7281193285229021,0.2081477827591813,0.7822570040182906,582.2491059686542,22.216619848898986,0.2
17393.237312555313,4,device12,cloud3,4,1.31,74.111,0.0,2.53,0.20856759459340482,27.462011357818383,14.607286319602482,4.321984527504003,0.23009281350613975,0.6876778392398917,601.3138727219032,18.30378546133283,0.2
17393.237312555313,4,device13,cloud2,4,2.29,102.924,0.0,1.96,0.30668959088825043,31.372338383038944,31.836324571363022,2.2912238215914544,0.2386101371259879,0.5721543814957072,607.515742329851,20.42451703866449,0.2
17393.237312555313,4,device14,cloud2,4,3.82,112.909,0.0,1.78,0.4473401494730773,82.25670316245072,36.93620373645412,1.6964076213264911,0.2212111183365439,0.5721543814957072,607.515742329851,20.42451703866449,0.2
17393.237312555313,4,device15,cloud2,4,1.55,78.605,0.0,2.44,0.37283888568131807,27.035864545220644,19.97146305527845,3.9853985369393414,0.1781930764257505,0.5721543814957072,607.515742329851,20.42451703866449,0.2
17393.237312555313,4,device16,cloud3,4,9.22,64.089,0.0,2.81,0.4331272099036112,68.51773029466872,9.562532466615773,1.665049792417097,0.13668814200517226,0.6876778392398917,601.3138727219032,18.30378546133283,0.2
17393.237312555313,4,device17,cloud2,4,2.77,97.959,0.0,2.07,0.17450882861530614,69.9123053715808,29.671533407724336,2.9052673456537508,0.1260840658469644,0.5721543814957072,607.515742329851,20.42451703866449,0.2
17393.237312555313,4,device18,cloud2,4,11.5,98.722,0.0,2.14,0.27826112093418653,84.91883685422286,30.145544026514923,1.374142437800695,0.20578270639831706,0.5721543814957072,607.515742329851,20.42451703866449,0.2
17393.237312555313,4,device19,cloud2,4,2.91,125.102,0.0,1.53,0.4773449630524954,48.764674556299994,43.25251927721427,2.179153268487944,0.2996512850719333,0.5721543814957072,607.515742329851,20.42451703866449,0.2
17393.237312555313,4,device20,cloud7,4,2.55,129.941,0.0,1.43,0.1586530902730104,86.05871256726667,43.693424943597044,3.5930972901502747,0.2847823637854566,0.5607241130156799,648.0368730147036,24.901373970727075,0.2
17393.237312555313,4,device21,cloud4,4,1.1,59.743,0.0,2.82,0.42430676478186513,84.90991228893174,8.916744058718683,3.501570701893899,0.14819022778954394,0.7822570040182906,582.2491059686542,22.216619848898986,0.2
17393.237312555313,4,device22,cloud7,4,16.0,47.334,0.0,3.21,0.3003206410007373,51.454601268507886,2.457221999498234,0.7668117572709771,0.17809817957362967,0.5607241130156799,648.0368730147036,24.901373970727075,0.2
17393.237312555313,4,device23,cloud7,4,2.61,111.156,0.0,1.8,0.369737359742616,69.14922336927077,34.38288511539217,3.346318603041165,0.2244781535409746,0.5607241130156799,648.0368730147036,24.901373970727075,0.2
17393.237312555313,4,device24,cloud2,4,1.73,135.556,0.0,1.31,0.48948455566228,55.71567013163522,48.23257494752022,4.7080527581084555,0.263346239250945,0.5721543814957072,607.515742329851,20.42451703866449,0.2
17393.237312555313,4,device25,cloud4,4,23.5,99.12,0.0,2.25,0.45687798653055867,86.96540645665053,28.14577866687706,0.9180653261913263,0.22216278670730516,0.7822570040182906,582.2491059686542,22.216619848898986,0.2
17393.237312555313,4,device26,cloud7,4,4.11,116.713,0.0,1.71,0.1863552308784407,43.68582736505059,37.543940168307614,3.5396574614177077,0.2231550528210403,0.5607241130156799,648.0368730147036,24.901373970727075,0.2
17393.237312555313,4,device27,cloud2,4,5.25,120.607,0.0,1.64,0.48797963763772867,85.39194528652982,40.85165283871714,2.195931192591032,0.15236119225116104,0.5721543814957072,607.515742329851,20.42451703866449,0.2
17393.237312555313,4,device28,cloud4,4,2.01,118.281,0.0,1.65,0.19077027202418162,15.802258047822761,37.90889843888375,3.0067500952560904,0.15498667495279522,0.7822570040182906,582.2491059686542,22.216619848898986,0.2
17393.237312555313,4,device29,cloud2,4,8.23,87.829,0.0,2.33,0.449084889973702,16.70537378308275,24.591437584229844,0.9585308605774684,0.10755762313048008,0.5721543814957072,607.515742329851,20.42451703866449,0.2
17393.237312555313,4,device30,cloud7,4,8.65,105.493,0.0,1.98,0.3411452313137383,36.85086091432905,31.713144943226283,1.735496209389558,0.25009263768033796,0.5607241130156799,648.0368730147036,24.901373970727075,0.2
23161.109300851822,14,device1,cloud5,14,2.11,70.921,0.0,2.6,0.15331167558516806,70.66607490665257,9.518795847718627,4.024398055089653,0.20353065476847748,0.7447632965663691,598.9223099976634,18.96253800965492,0.8
23161.109300851822,14,device2,cloud3,14,18.2,90.962,0.0,2.36,0.22686539514015336,58.65781489144146,22.764421601637288,0.5375802787902917,0.12547054078727224,0.8052684605982388,605.3097930184596,21.42725855057446,0.8
23161.109300851822,14,device3,cloud2,14,2.86,131.771,0.0,1.39,0.2327746495551645,39.64701498722409,46.346847691679145,3.0572241253905315,0.14221099315494304,0.6839618987480218,499.3988579877364,21.271584583783724,0.8
23161.109300851822,14,device4,cloud2,14,1.71,134.816,0.0,1.32,0.3783141672175063,21.285303507954907,48.07335094534069,2.608440543752819,0.22614224636376878,0.6839618987480218,499.3988579877364,21.271584583783724,0.8
23161.109300851822,14,device5,cloud2,14,2.28,83.216,0.0,2.36,0.38365474953363343,53.86887551030294,22.000462737074038,3.8282789052025485,0.17505490873049231,0.6839618987480218,499.3988579877364,21.271584583783724,0.8
23161.109300851822,14,device6,cloud4,14,3.86,103.271,0.0,1.97,0.40362060545579337,75.0895674114016,30.436321919419942,2.661183439367604,0.16330572403641025,0.8773282969477294,615.268975752251,24.162251847445233,0.8
23161.109300851822,14,device7,cloud2,14,3.46,119.384,0.0,1.65,0.21036585436028715,70.14218721648425,40.269790599323244,1.4802576498004032,0.29106611641848135,0.6839618987480218,499.3988579877364,21.271584583783724,0.8
23161.109300851822,14,device8,cloud1,14,2.05,105.148,0.0,1.92,0.2851573919171556,13.450085850377347,28.081285950354033,3.4617585994945372,0.20725546586520127,0.6416877081346802,646.238881599698,23.798508408000263,0.8
23161.109300851822,14,device9,cloud2,14,2.56,86.646,10.0,2.09,0.3306552709826762,70.6669941484271,23.88994237180618,4.570831009661848,0.1916780132551914,0.6839618987480218,499.3988579877364,21.271584583783724,0.8
23161.109300851822,14,device10,cloud4,14,2.75,108.634,0.0,1.85,0.1370022821370634,66.618912063133,33.2680031608103,1.6596807108174465,0.22207693576477305,0.8773282969477294,615.268975752251,24.162251847445233,0.8
23161.109300851822,14,device11,cloud7,14,8.22,50.452,0.0,3.07,0.33654322091340366,14.71574711974895,4.257590767460306,0.7281193285229021,0.2081477827591813,0.6176594011682512,580.6381756098283,19.453107039296622,0.8
23161.109300851822,14,device12,cloud7,14,2.05,70.415,0.0,2.61,0.20856759459340482,27.462011357818383,14.607286319602482,4.321984527504003,0.23009281350613975,0.6176594011682512,580.6381756098283,19.453107039296622,0.8
23161.109300851822,14,device13,cloud7,14,1.67,105.912,0.0,1.9,0.30668959088825043,31.372338383038944,31.836324571363022,2.2912238215914544,0.2386101371259879,0.6176594011682512,580.6381756098283,19.453107039296622,0.8
23161.109300851822,14,device14,cloud3,14,6.65,119.124,0.0,1.68,0.4473401494730773,82.25670316245072,36.93620373645412,1.6964076213264911,0.2212111183365439,0.8052684605982388,605.3097930184596,21.42725855057446,0.8
23161.109300851822,14,device15,cloud3,14,3.57,84.68,0.0,2.34,0.37283888568131807,27.035864545220644,19.97146305527845,3.9853985369393414,0.1781930764257505,0.8052684605982388,605.3097930184596,21.42725855057446,0.8
23161.109300851822,14,device16,cloud2,14,4.09,57.367,0.0,2.89,0.4331272099036112,68.51773029466872,9.562532466615773,1.665049792417097,0.13668814200517226,0.6839618987480218,499.3988579877364,21.271584583783724,0.8
23161.109300851822,14,device17,cloud4,14,1.86,100.625,0.0,2.01,0.17450882861530614,69.9123053715808,29.671533407724336,2.9052673456537508,0.1260840658469644,0.8773282969477294,615.268975752251,24.162251847445233,0.8
23161.109300851822,14,device18,cloud4,14,7.87,101.774,0.0,2.04,0.27826112093418653,84.91883685422286,30.145544026514923,1.374142437800695,0.20578270639831706,0.8773282969477294,615.268975752251,24.162251847445233,0.8
23161.109300851822,14,device19,cloud7,14,1.98,129.274,0.0,1.43,0.4773449630524954,48.764674556299994,43.25251927721427,2.179153268487944,0.2996512850719333,0.6176594011682512,580.6381756098283,19.453107039296622,0.8
23161.109300851822,14,device20,cloud2,14,2.58,126.043,0.0,1.5,0.1586530902730104,86.05871256726667,43.693424943597044,3.5930972901502747,0.2847823637854566,0.6839618987480218,499.3988579877364,21.271584583783724,0.8
23161.109300851822,14,device21,cloud7,14,2.51,60.928,0.0,2.81,0.42430676478186513,84.90991228893174,8.916744058718683,3.501570701893899,0.14819022778954394,0.6176594011682512,580.6381756098283,19.453107039296622,0.8
23161.109300851822,14,device22,cloud7,14,16.1,47.308,0.0,3.21,0.3003206410007373,51.454601268507886,2.457221999498234,0.7668117572709771,0.17809817957362967,0.6176594011682512,580.6381756098283,19.453107039296622,0.8
23161.109300851822,14,device23,cloud4,14,1.2,111.06,0.0,1.79,0.369737359742616,69.14922336927077,34.38288511539217,3.346318603041165,0.2244781535409746,0.8773282969477294,615.268975752251,24.162251847445233,0.8
23161.109300851822,14,device24,self,-1,55.71567013163522,48.23257494752022,4.7080527581084555,3.5,0.48948455566228,55.71567013163522,48.23257494752022,4.7080527581084555,0.263346239250945,0,0,0,0.8
23161.109300851822,14,device25,cloud7,14,6.11,98.058,0.0,2.1,0.45687798653055867,86.96540645665053,28.14577866687706,0.9180653261913263,0.22216278670730516,0.6176594011682512,580.6381756098283,19.453107039296622,0.8
23161.109300851822,14,device26,cloud2,14,1.01,113.848,0.0,1.73,0.1863552308784407,43.68582736505059,37.543940168307614,3.5396574614177077,0.2231550528210403,0.6839618987480218,499.3988579877364,21.271584583783724,0.8
23161.109300851822,14,device27,cloud2,14,2.95,120.974,0.0,1.61,0.48797963763772867,85.39194528652982,40.85165283871714,2.195931192591032,0.15236119225116104,0.6839618987480218,499.3988579877364,21.271584583783724,0.8
23161.109300851822,14,device28,cloud4,14,2.31,118.704,0.0,1.65,0.19077027202418162,15.802258047822761,37.90889843888375,3.0067500952560904,0.15498667495279522,0.8773282969477294,615.268975752251,24.162251847445233,0.8
23161.109300851822,14,device29,cloud2,14,9.28,87.683,0.0,2.34,0.449084889973702,16.70537378308275,24.591437584229844,0.9585308605774684,0.10755762313048008,0.6839618987480218,499.3988579877364,21.271584583783724,0.8
23161.109300851822,14,device30,cloud4,14,4.65,106.037,0.0,1.93,0.3411452313137383,36.85086091432905,31.713144943226283,1.735496209389558,0.25009263768033796,0.8773282969477294,615.268975752251,24.162251847445233,0.8
28914.675839185715,0,device1,cloud7,0,2.4,60.645,0.0,2.81,0.15331167558516806,70.66607490665257,9.518795847718627,4.024398055089653,0.20353065476847748,0.5603025261912751,645.1946259039948,19.704681281174356,0.2
28914.675839185715,0,device2,cloud2,0,21.9,83.805,0.0,2.54,0.22686539514015336,58.65781489144146,22.764421601637288,0.5375802787902917,0.12547054078727224,0.5831810641902635,627.2833154024662,17.956725533232976,0.2
28914.675839185715,0,device3,cloud7,0,4.08,135.173,0.0,1.34,0.2327746495551645,39.64701498722409,46.346847691679145,3.0572241253905315,0.14221099315494304,0.5603025261912751,645.1946259039948,19.704681281174356,0.2
28914.675839185715,0,device4,cloud2,0,3.66,134.809,0.0,1.34,0.3783141672175063,21.285303507954907,48.07335094534069,2.608440543752819,0.22614224636376878,0.5831810641902635,627.2833154024662,17.956725533232976,0.2
28914.675839185715,0,device5,cloud2,0,1.2,81.967,0.0,2.37,0.38365474953363343,53.86887551030294,22.000462737074038,3.8282789052025485,0.17505490873049231,0.5831810641902635,627.2833154024662,17.956725533232976,0.2
28914.675839185715,0,device6,cloud7,0,4.39,102.801,0.0,1.99,0.40362060545579337,75.0895674114016,30.436321919419942,2.661183439367604,0.16330572403641025,0.5603025261912751,645.1946259039948,19.704681281174356,0.2
28914.675839185715,0,device7,cloud3,0,2.3,126.299,0.0,1.5,0.21036585436028715,70.14218721648425,40.269790599323244,1.4802576498004032,0.29106611641848135,0.7946156126813224,611.2027067697585,21.332563373730256,0.2
28914.675839185715,0,device8,cloud4,0,2.02,98.852,0.0,2.04,0.2851573919171556,13.450085850377347,28.081285950354033,3.4617585994945372,0.20725546586520127,0.7406761465135387,595.8440787982345,19.662594696062342,0.2
28914.675839185715,0,device9,cloud5,0,1.85,99.855,0.0,2.02,0.3306552709826762,70.6669941484271,23.88994237180618,4.570831009661848,0.1916780132551914,0.785638936512573,517.8222614038962,24.474652137827064,0.2
28914.675839185715,0,device10,cloud4,0,3.41,109.732,0.0,1.84,0.1370022821370634,66.618912063133,33.2680031608103,1.6596807108174465,0.22207693576477305,0.7406761465135387,595.8440787982345,19.662594696062342,0.2
28914.675839185715,0,device11,cloud7,0,7.98,50.333,0.0,3.07,0.33654322091340366,14.71574711974895,4.257590767460306,0.7281193285229021,0.2081477827591813,0.5603025261912751,645.1946259039948,19.704681281174356,0.2
28914.675839185715,0,device12,cloud2,0,0.951,67.644,0.0,2.66,0.20856759459340482,27.462011357818383,14.607286319602482,4.321984527504003,0.23009281350613975,0.5831810641902635,627.2833154024662,17.956725533232976,0.2
28914.675839185715,0,device13,cloud2,0,1.64,102.157,0.0,1.97,0.30668959088825043,31.372338383038944,31.836324571363022,2.2912238215914544,0.2386101371259879,0.5831810641902635,627.2833154024662,17.956725533232976,0.2
28914.675839185715,0,device14,cloud7,0,7.61,116.327,0.0,1.75,0.4473401494730773,82.25670316245072,36.93620373645412,1.6964076213264911,0.2212111183365439,0.5603025261912751,645.1946259039948,19.704681281174356,0.2
28914.675839185715,0,device15,cloud6,0,0.891,103.868,0.0,1.93,0.37283888568131807,27.035864545220644,19.97146305527845,3.9853985369393414,0.1781930764257505,0.7219978688756532,538.7829349450026,30.484090704143917,0.2
28914.675839185715,0,device16,cloud4,0,6.79,61.192,0.0,2.84,0.4331272099036112,68.51773029466872,9.562532466615773,1.665049792417097,0.13668814200517226,0.7406761465135387,595.8440787982345,19.662594696062342,0.2
28914.675839185715,0,device17,cloud4,0,2.19,101.474,0.0,1.99,0.17450882861530614,69.9123053715808,29.671533407724336,2.9052673456537508,0.1260840658469644,0.7406761465135387,595.8440787982345,19.662594696062342,0.2
28914.675839185715,0,device18,cloud3,0,1.2,106.191,0.0,1.89,0.27826112093418653,84.91883685422286,30.145544026514923,1.374142437800695,0.20578270639831706,0.7946156126813224,611.2027067697585,21.332563373730256,0.2
28914.675839185715,0,device19,cloud2,0,1.46,125.231,0.0,1.51,0.4773449630524954,48.764674556299994,43.25251927721427,2.179153268487944,0.2996512850719333,0.5831810641902635,627.2833154024662,17.956725533232976,0.2
28914.675839185715,0,device20,cloud7,0,2.32,128.821,0.0,1.45,0.1586530902730104,86.05871256726667,43.693424943597044,3.5930972901502747,0.2847823637854566,0.5603025261912751,645.1946259039948,19.704681281174356,0.2
28914.675839185715,0,device21,cloud2,0,2.46,56.236,0.0,2.9,0.42430676478186513,84.90991228893174,8.916744058718683,3.501570701893899,0.14819022778954394,0.5831810641902635,627.2833154024662,17.956725533232976,0.2
28914.675839185715,0,device22,cloud2,0,12.8,44.315,0.0,3.24,0.3003206410007373,51.454601268507886,2.457221999498234,0.7668117572709771,0.17809817957362967,0.5831810641902635,627.2833154024662,17.956725533232976,0.2
28914.675839185715,0,device23,cloud7,0,2.05,111.714,0.0,1.79,0.369737359742616,69.14922336927077,34.38288511539217,3.346318603041165,0.2244781535409746,0.5603025261912751,645.1946259039948,19.704681281174356,0.2
28914.675839185715,0,device24,cloud7,0,0.807,139.268,0.0,1.22,0.48948455566228,55.71567013163522,48.23257494752022,4.7080527581084555,0.263346239250945,0.5603025261912751,645.1946259039948,19.704681281174356,0.2
28914.675839185715,0,device25,cloud2,0,28.2,95.304,0.0,2.38,0.45687798653055867,86.96540645665053,28.14577866687706,0.9180653261913263,0.22216278670730516,0.5831810641902635,627.2833154024662,17.956725533232976,0.2
28914.675839185715,0,device26,cloud7,0,2.84,117.357,0.0,1.68,0.1863552308784407,43.68582736505059,37.543940168307614,3.5396574614177077,0.2231550528210403,0.5603025261912751,645.1946259039948,19.704681281174356,0.2
28914.675839185715,0,device27,cloud2,0,2.06,120.671,0.0,1.61,0.48797963763772867,85.39194528652982,40.85165283871714,2.195931192591032,0.15236119225116104,0.5831810641902635,627.2833154024662,17.956725533232976,0.2
28914.675839185715,0,device28,cloud2,0,1.95,114.701,0.0,1.73,0.19077027202418162,15.802258047822761,37.90889843888375,3.0067500952560904,0.15498667495279522,0.5831810641902635,627.2833154024662,17.956725533232976,0.2
28914.675839185715,0,device29,cloud7,0,7.51,91.579,0.0,2.24,0.449084889973702,16.70537378308275,24.591437584229844,0.9585308605774684,0.10755762313048008,0.5603025261912751,645.1946259039948,19.704681281174356,0.2
28914.675839185715,0,device30,cloud2,0,6.85,102.282,0.0,2.02,0.3411452313137383,36.85086091432905,31.713144943226283,1.735496209389558,0.25009263768033796,0.5831810641902635,627.2833154024662,17.956725533232976,0.2
34691.36918115616,9,device1,cloud4,9,1.87,61.48,0.0,2.79,0.15331167558516806,70.66607490665257,9.518795847718627,4.024398055089653,0.20353065476847748,0.725804951885458,641.0001352135687,26.964360786999237,0.9
34691.36918115616,9,device2,cloud3,9,10.2,90.497,0.0,2.29,0.22686539514015336,58.65781489144146,22.764421601637288,0.5375802787902917,0.12547054078727224,0.7054725878553303,644.0763063120405,25.460375807358737,0.9
34691.36918115616,9,device3,cloud2,9,2.99,131.706,0.0,1.4,0.2327746495551645,39.64701498722409,46.346847691679145,3.0572241253905315,0.14221099315494304,0.5799107234101707,525.8922813120374,12.648852850674475,0.9
34691.36918115616,9,device4,cloud7,9,1.74,138.172,0.0,1.25,0.3783141672175063,21.285303507954907,48.07335094534069,2.608440543752819,0.22614224636376878,0.610914028027172,680.9316491382918,11.586411413370568,0.9
34691.36918115616,9,device5,cloud7,9,3.89,86.221,0.0,2.31,0.38365474953363343,53.86887551030294,22.000462737074038,3.8282789052025485,0.17505490873049231,0.610914028027172,680.9316491382918,11.586411413370568,0.9
34691.36918115616,9,device6,cloud2,9,1.66,99.958,0.0,2.02,0.40362060545579337,75.0895674114016,30.436321919419942,2.661183439367604,0.16330572403641025,0.5799107234101707,525.8922813120374,12.648852850674475,0.9
34691.36918115616,9,device7,cloud2,9,3.45,119.058,0.0,1.65,0.21036585436028715,70.14218721648425,40.269790599323244,1.4802576498004032,0.29106611641848135,0.5799107234101707,525.8922813120374,12.648852850674475,0.9
34691.36918115616,9,device8,cloud6,9,1.6,120.652,0.0,1.6,0.2851573919171556,13.450085850377347,28.081285950354033,3.4617585994945372,0.20725546586520127,0.6342705886046778,518.187928067549,19.89271611593449,0.9
34691.36918115616,9,device9,cloud4,9,4.26,90.297,0.0,2.24,0.3306552709826762,70.6669941484271,23.88994237180618,4.570831009661848,0.1916780132551914,0.725804951885458,641.0001352135687,26.964360786999237,0.9
34691.36918115616,9,device10,cloud2,9,1.81,105.359,0.0,1.91,0.1370022821370634,66.618912063133,33.2680031608103,1.6596807108174465,0.22207693576477305,0.5799107234101707,525.8922813120374,12.648852850674475,0.9
34691.36918115616,9,device11,cloud3,9,8.77,54.12,0.0,3.01,0.33654322091340366,14.71574711974895,4.257590767460306,0.7281193285229021,0.2081477827591813,0.7054725878553303,644.0763063120405,25.460375807358737,0.9
34691.36918115616,9,device12,cloud7,9,2.09,71.046,0.0,2.6,0.20856759459340482,27.462011357818383,14.607286319602482,4.321984527504003,0.23009281350613975,0.610914028027172,680.9316491382918,11.586411413370568,0.9
34691.36918115616,9,device13,cloud2,9,1.95,102.221,0.0,1.98,0.30668959088825043,31.372338383038944,31.836324571363022,2.2912238215914544,0.2386101371259879,0.5799107234101707,525.8922813120374,12.648852850674475,0.9
34691.36918115616,9,device14,cloud4,9,3.47,116.022,0.0,1.71,0.4473401494730773,82.25670316245072,36.93620373645412,1.6964076213264911,0.2212111183365439,0.725804951885458,641.0001352135687,26.964360786999237,0.9
34691.36918115616,9,device15,cloud4,9,3.71,82.534,0.0,2.39,0.37283888568131807,27.035864545220644,19.97146305527845,3.9853985369393414,0.1781930764257505,0.725804951885458,641.0001352135687,26.964360786999237,0.9
34691.36918115616,9,device16,cloud4,9,2.98,60.61,0.0,2.82,0.4331272099036112,68.51773029466872,9.562532466615773,1.665049792417097,0.13668814200517226,0.725804951885458,641.0001352135687,26.964360786999237,0.9
34691.36918115616,9,device17,cloud2,9,1.22,98.064,0.0,2.05,0.17450882861530614,69.9123053715808,29.671533407724336,2.9052673456537508,0.1260840658469644,0.5799107234101707,525.8922813120374,12.648852850674475,0.9
34691.36918115616,9,device18,cloud2,9,6.75,98.875,0.0,2.09,0.27826112093418653,84.91883685422286,30.145544026514923,1.374142437800695,0.20578270639831706,0.5799107234101707,525.8922813120374,12.648852850674475,0.9
34691.36918115616,9,device19,cloud2,9,2.8,125.126,0.0,1.53,0.4773449630524954,48.764674556299994,43.25251927721427,2.179153268487944,0.2996512850719333,0.5799107234101707,525.8922813120374,12.648852850674475,0.9
34691.36918115616,9,device20,cloud4,9,0.876,129.562,0.0,1.42,0.1586530902730104,86.05871256726667,43.693424943597044,3.5930972901502747,0.2847823637854566,0.725804951885458,641.0001352135687,26.964360786999237,0.9
34691.36918115616,9,device21,cloud7,9,2.34,59.862,0.0,2.83,0.42430676478186513,84.90991228893174,8.916744058718683,3.501570701893899,0.14819022778954394,0.610914028027172,680.9316491382918,11.586411413370568,0.9
34691.36918115616,9,device22,cloud4,9,10.6,47.182,0.0,3.16,0.3003206410007373,51.454601268507886,2.457221999498234,0.7668117572709771,0.17809817957362967,0.725804951885458,641.0001352135687,26.964360786999237,0.9
34691.36918115616,9,device23,cloud6,9,1.9,132.625,0.0,1.37,0.369737359742616,69.14922336927077,34.38288511539217,3.346318603041165,0.2244781535409746,0.6342705886046778,518.187928067549,19.89271611593449,0.9
34691.36918115616,9,device24,cloud2,9,1.04,135.466,0.0,1.3,0.48948455566228,55.71567013163522,48.23257494752022,4.7080527581084555,0.263346239250945,0.5799107234101707,525.8922813120374,12.648852850674475,0.9
34691.36918115616,9,device25,cloud2,9,7.42,94.864,0.0,2.18,0.45687798653055867,86.96540645665053,28.14577866687706,0.9180653261913263,0.22216278670730516,0.5799107234101707,525.8922813120374,12.648852850674475,0.9
34691.36918115616,9,device26,cloud3,9,1.11,120.394,0.0,1.6,0.1863552308784407,43.68582736505059,37.543940168307614,3.5396574614177077,0.2231550528210403,0.7054725878553303,644.0763063120405,25.460375807358737,0.9
34691.36918115616,9,device27,cloud7,9,3.61,124.466,0.0,1.55,0.48797963763772867,85.39194528652982,40.85165283871714,2.195931192591032,0.15236119225116104,0.610914028027172,680.9316491382918,11.586411413370568,0.9
34691.36918115616,9,device28,cloud4,9,2.41,118.34,0.0,1.66,0.19077027202418162,15.802258047822761,37.90889843888375,3.0067500952560904,0.15498667495279522,0.725804951885458,641.0001352135687,26.964360786999237,0.9
34691.36918115616,9,device29,cloud1,9,6.82,97.467,0.0,2.12,0.449084889973702,16.70537378308275,24.591437584229844,0.9585308605774684,0.10755762313048008,0.5240984619596478,571.9078019941746,12.988931159074657,0.9
34691.36918115616,9,device30,cloud2,9,13.5,102.394,0.0,2.09,0.3411452313137383,36.85086091432905,31.713144943226283,1.735496209389558,0.25009263768033796,0.5799107234101707,525.8922813120374,12.648852850674475,0.9
40436.70575046539,19,device1,cloud2,19,2.26,57.417,0.0,2.87,0.15331167558516806,70.66607490665257,9.518795847718627,4.024398055089653,0.20353065476847748,0.5413051347469743,570.3257829327501,14.909974071887898,0.8
40436.70575046539,19,device2,cloud7,19,7.51,87.368,0.0,2.33,0.22686539514015336,58.65781489144146,22.764421601637288,0.5375802787902917,0.12547054078727224,0.38875714819633655,615.8918793500942,17.059354558453517,0.8
40436.70575046539,19,device3,cloud2,19,1.04,131.463,0.0,1.38,0.2327746495551645,39.64701498722409,46.346847691679145,3.0572241253905315,0.14221099315494304,0.5413051347469743,570.3257829327501,14.909974071887898,0.8
40436.70575046539,19,device4,cloud2,19,1.49,135.033,0.0,1.31,0.3783141672175063,21.285303507954907,48.07335094534069,2.608440543752819,0.22614224636376878,0.5413051347469743,570.3257829327501,14.909974071887898,0.8
40436.70575046539,19,device5,cloud7,19,2.29,86.155,0.0,2.3,0.38365474953363343,53.86887551030294,22.000462737074038,3.8282789052025485,0.17505490873049231,0.38875714819633655,615.8918793500942,17.059354558453517,0.8
40436.70575046539,19,device6,cloud1,19,17.2,110.008,0.0,1.97,0.40362060545579337,75.0895674114016,30.436321919419942,2.661183439367604,0.16330572403641025,0.36746447448009023,631.0513796402524,21.58018830083237,0.8
40436.70575046539,19,device7,cloud7,19,2.21,122.677,0.0,1.57,0.21036585436028715,70.14218721648425,40.269790599323244,1.4802576498004032,0.29106611641848135,0.38875714819633655,615.8918793500942,17.059354558453517,0.8
40436.70575046539,19,device8,cloud2,19,2.04,94.948,0.0,2.12,0.2851573919171556,13.450085850377347,28.081285950354033,3.4617585994945372,0.20725546586520127,0.5413051347469743,570.3257829327501,14.909974071887898,0.8
40436.70575046539,19,device9,cloud7,19,3.71,89.32,0.0,2.25,0.3306552709826762,70.6669941484271,23.88994237180618,4.570831009661848,0.1916780132551914,0.38875714819633655,615.8918793500942,17.059354558453517,0.8
40436.70575046539,19,device10,cloud7,19,14.0,108.638,0.0,1.97,0.1370022821370634,66.618912063133,33.2680031608103,1.6596807108174465,0.22207693576477305,0.38875714819633655,615.8918793500942,17.059354558453517,0.8
40436.70575046539,19,device11,cloud4,19,8.13,51.053,0.0,3.06,0.33654322091340366,14.71574711974895,4.257590767460306,0.7281193285229021,0.2081477827591813,0.7512533826763823,645.900842374089,20.044914967490058,0.8
40436.70575046539,19,device12,cloud3,19,3.23,74.708,0.0,2.54,0.20856759459340482,27.462011357818383,14.607286319602482,4.321984527504003,0.23009281350613975,0.962805574786884,561.943012771931,22.003055796623112,0.8
40436.70575046539,19,device13,cloud2,19,2.83,102.144,0.0,1.99,0.30668959088825043,31.372338383038944,31.836324571363022,2.2912238215914544,0.2386101371259879,0.5413051347469743,570.3257829327501,14.909974071887898,0.8
40436.70575046539,19,device14,cloud4,19,1.45,116.2,0.0,1.69,0.4473401494730773,82.25670316245072,36.93620373645412,1.6964076213264911,0.2212111183365439,0.7512533826763823,645.900842374089,20.044914967490058,0.8
40436.70575046539,19,device15,cloud7,19,1.42,81.807,0.0,2.38,0.37283888568131807,27.035864545220644,19.97146305527845,3.9853985369393414,0.1781930764257505,0.38875714819633655,615.8918793500942,17.059354558453517,0.8
40436.70575046539,19,device16,cloud3,19,6.52,64.111,0.0,2.78,0.4331272099036112,68.51773029466872,9.562532466615773,1.665049792417097,0.13668814200517226,0.962805574786884,561.943012771931,22.003055796623112,0.8
40436.70575046539,19,device17,cloud2,19,2.87,98.616,0.0,2.06,0.17450882861530614,69.9123053715808,29.671533407724336,2.9052673456537508,0.1260840658469644,0.5413051347469743,570.3257829327501,14.909974071887898,0.8
40436.70575046539,19,device18,cloud1,19,11.5,108.639,0.0,1.94,0.27826112093418653,84.91883685422286,30.145544026514923,1.374142437800695,0.20578270639831706,0.36746447448009023,631.0513796402524,21.58018830083237,0.8
40436.70575046539,19,device19,cloud4,19,4.87,128.939,0.0,1.47,0.4773449630524954,48.764674556299994,43.25251927721427,2.179153268487944,0.2996512850719333,0.7512533826763823,645.900842374089,20.044914967490058,0.8
40436.70575046539,19,device20,cloud7,19,3.11,130.069,0.0,1.43,0.1586530902730104,86.05871256726667,43.693424943597044,3.5930972901502747,0.2847823637854566,0.38875714819633655,615.8918793500942,17.059354558453517,0.8
40436.70575046539,19,device21,cloud2,19,3.58,56.877,0.0,2.9,0.42430676478186513,84.90991228893174,8.916744058718683,3.501570701893899,0.14819022778954394,0.5413051347469743,570.3257829327501,14.909974071887898,0.8
40436.70575046539,19,device22,cloud2,19,13.3,43.557,0.0,3.26,0.3003206410007373,51.454601268507886,2.457221999498234,0.7668117572709771,0.17809817957362967,0.5413051347469743,570.3257829327501,14.909974071887898,0.8
40436.70575046539,19,device23,cloud2,19,2.67,107.88,0.0,1.87,0.369737359742616,69.14922336927077,34.38288511539217,3.346318603041165,0.2244781535409746,0.5413051347469743,570.3257829327501,14.909974071887898,0.8
40436.70575046539,19,device24,self,-1,55.71567013163522,48.23257494752022,4.7080527581084555,3.5,0.48948455566228,55.71567013163522,48.23257494752022,4.7080527581084555,0.263346239250945,0,0,0,0.8
40436.70575046539,19,device25,cloud5,19,12.7,108.608,0.0,1.95,0.45687798653055867,86.96540645665053,28.14577866687706,0.9180653261913263,0.22216278670730516,0.6888995723851024,527.8638884703959,22.148539568042683,0.8
40436.70575046539,19,device26,cloud7,19,3.86,117.775,0.0,1.68,0.1863552308784407,43.68582736505059,37.543940168307614,3.5396574614177077,0.2231550528210403,0.38875714819633655,615.8918793500942,17.059354558453517,0.8
40436.70575046539,19,device27,cloud5,19,7.83,133.397,0.0,1.41,0.48797963763772867,85.39194528652982,40.85165283871714,2.195931192591032,0.15236119225116104,0.6888995723851024,527.8638884703959,22.148539568042683,0.8
40436.70575046539,19,device28,cloud4,19,1.74,118.035,0.0,1.66,0.19077027202418162,15.802258047822761,37.90889843888375,3.0067500952560904,0.15498667495279522,0.7512533826763823,645.900842374089,20.044914967490058,0.8
40436.70575046539,19,device29,cloud7,19,8.21,91.371,0.0,2.25,0.449084889973702,16.70537378308275,24.591437584229844,0.9585308605774684,0.10755762313048008,0.38875714819633655,615.8918793500942,17.059354558453517,0.8
40436.70575046539,19,device30,cloud2,19,4.06,102.071,0.0,2.0,0.3411452313137383,36.85086091432905,31.713144943226283,1.735496209389558,0.25009263768033796,0.5413051347469743,570.3257829327501,14.909974071887898,0.8
46354.63290286064,5,device1,cloud7,5,2.31,61.043,0.0,2.8,0.15331167558516806,70.66607490665257,9.518795847718627,4.024398055089653,0.20353065476847748,0.5120893712682626,601.7404578102953,14.444925348301169,0.3
46354.63290286064,5,device2,cloud2,5,21.6,84.242,0.0,2.53,0.22686539514015336,58.65781489144146,22.764421601637288,0.5375802787902917,0.12547054078727224,0.6529114700969199,621.2316302422046,25.85941436152999,0.3
46354.63290286064,5,device3,cloud2,5,1.07,131.243,0.0,1.39,0.2327746495551645,39.64701498722409,46.346847691679145,3.0572241253905315,0.14221099315494304,0.6529114700969199,621.2316302422046,25.85941436152999,0.3
46354.63290286064,5,device4,cloud2,5,2.81,134.575,0.0,1.34,0.3783141672175063,21.285303507954907,48.07335094534069,2.608440543752819,0.22614224636376878,0.6529114700969199,621.2316302422046,25.85941436152999,0.3
46354.63290286064,5,device5,cloud7,5,3.11,86.7,0.0,2.3,0.38365474953363343,53.86887551030294,22.000462737074038,3.8282789052025485,0.17505490873049231,0.5120893712682626,601.7404578102953,14.444925348301169,0.3
46354.63290286064,5,device6,cloud2,5,2.55,99.313,0.0,2.04,0.40362060545579337,75.0895674114016,30.436321919419942,2.661183439367604,0.16330572403641025,0.6529114700969199,621.2316302422046,25.85941436152999,0.3
46354.63290286064,5,device7,cloud4,5,8.75,122.59,0.0,1.64,0.21036585436028715,70.14218721648425,40.269790599323244,1.4802576498004032,0.29106611641848135,0.6096134049939602,516.4378491426795,28.883944865175287,0.3
46354.63290286064,5,device8,cloud2,5,1.14,94.602,0.0,2.12,0.2851573919171556,13.450085850377347,28.081285950354033,3.4617585994945372,0.20725546586520127,0.6529114700969199,621.2316302422046,25.85941436152999,0.3
46354.63290286064,5,device9,cloud2,5,2.57,85.957,0.0,2.31,0.3306552709826762,70.6669941484271,23.88994237180618,4.570831009661848,0.1916780132551914,0.6529114700969199,621.2316302422046,25.85941436152999,0.3
46354.63290286064,5,device10,cloud3,5,2.94,112.772,0.0,1.77,0.1370022821370634,66.618912063133,33.2680031608103,1.6596807108174465,0.22207693576477305,0.8100740200804001,621.9814040824078,11.069241304134787,0.3
46354.63290286064,5,device11,cloud2,5,7.69,47.446,0.0,3.13,0.33654322091340366,14.71574711974895,4.257590767460306,0.7281193285229021,0.2081477827591813,0.6529114700969199,621.2316302422046,25.85941436152999,0.3
46354.63290286064,5,device12,cloud7,5,3.59,71.653,0.0,2.6,0.20856759459340482,27.462011357818383,14.607286319602482,4.321984527504003,0.23009281350613975,0.5120893712682626,601.7404578102953,14.444925348301169,0.3
46354.63290286064,5,device13,cloud4,5,2.15,105.965,0.0,1.9,0.30668959088825043,31.372338383038944,31.836324571363022,2.2912238215914544,0.2386101371259879,0.6096134049939602,516.4378491426795,28.883944865175287,0.3
46354.63290286064,5,device14,cloud1,5,9.73,123.336,0.0,1.63,0.4473401494730773,82.25670316245072,36.93620373645412,1.6964076213264911,0.2212111183365439,0.49199125871226496,677.4135002078555,25.40446579044986,0.3
46354.63290286064,5,device15,cloud3,5,1.76,85.737,0.0,2.3,0.37283888568131807,27.035864545220644,19.97146305527845,3.9853985369393414,0.1781930764257505,0.8100740200804001,621.9814040824078,11.069241304134787,0.3
46354.63290286064,5,device16,cloud2,5,2.68,57.234,0.0,2.88,0.4331272099036112,68.51773029466872,9.562532466615773,1.665049792417097,0.13668814200517226,0.6529114700969199,621.2316302422046,25.85941436152999,0.3
46354.63290286064,5,device17,cloud5,5,0.581,110.813,0.0,1.79,0.17450882861530614,69.9123053715808,29.671533407724336,2.9052673456537508,0.1260840658469644,0.7073402209092093,465.02127952525444,9.867575807657792,0.3
46354.63290286064,5,device18,cloud2,5,6.52,99.157,0.0,2.08,0.27826112093418653,84.91883685422286,30.145544026514923,1.374142437800695,0.20578270639831706,0.6529114700969199,621.2316302422046,25.85941436152999,0.3
46354.63290286064,5,device19,cloud2,5,3.79,125.203,0.0,1.53,0.4773449630524954,48.764674556299994,43.25251927721427,2.179153268487944,0.2996512850719333,0.6529114700969199,621.2316302422046,25.85941436152999,0.3
46354.63290286064,5,device20,cloud2,5,2.55,126.005,0.0,1.51,0.1586530902730104,86.05871256726667,43.693424943597044,3.5930972901502747,0.2847823637854566,0.6529114700969199,621.2316302422046,25.85941436152999,0.3
46354.63290286064,5,device21,cloud3,5,2.09,63.406,0.0,2.75,0.42430676478186513,84.90991228893174,8.916744058718683,3.501570701893899,0.14819022778954394,0.8100740200804001,621.9814040824078,11.069241304134787,0.3
46354.63290286064,5,device22,cloud2,5,15.6,43.63,0.0,3.28,0.3003206410007373,51.454601268507886,2.457221999498234,0.7668117572709771,0.17809817957362967,0.6529114700969199,621.2316302422046,25.85941436152999,0.3
46354.63290286064,5,device23,cloud2,5,2.84,108.19,0.0,1.86,0.369737359742616,69.14922336927077,34.38288511539217,3.346318603041165,0.2244781535409746,0.6529114700969199,621.2316302422046,25.85941436152999,0.3
46354.63290286064,5,device24,cloud7,5,1.7,138.826,0.0,1.24,0.48948455566228,55.71567013163522,48.23257494752022,4.7080527581084555,0.263346239250945,0.5120893712682626,601.7404578102953,14.444925348301169,0.3
46354.63290286064,5,device25,cloud4,5,16.1,98.574,0.0,2.19,0.45687798653055867,86.96540645665053,28.14577866687706,0.9180653261913263,0.22216278670730516,0.6096134049939602,516.4378491426795,28.883944865175287,0.3
46354.63290286064,5,device26,cloud4,5,1.81,117.212,0.0,1.67,0.1863552308784407,43.68582736505059,37.543940168307614,3.5396574614177077,0.2231550528210403,0.6096134049939602,516.4378491426795,28.883944865175287,0.3
46354.63290286064,5,device27,cloud2,5,3.09,120.686,0.0,1.62,0.48797963763772867,85.39194528652982,40.85165283871714,2.195931192591032,0.15236119225116104,0.6529114700969199,621.2316302422046,25.85941436152999,0.3
46354.63290286064,5,device28,cloud2,5,1.81,114.617,0.0,1.73,0.19077027202418162,15.802258047822761,37.90889843888375,3.0067500952560904,0.15498667495279522,0.6529114700969199,621.2316302422046,25.85941436152999,0.3
46354.63290286064,5,device29,cloud7,5,5.47,91.376,0.0,2.23,0.449084889973702,16.70537378308275,24.591437584229844,0.9585308605774684,0.10755762313048008,0.5120893712682626,601.7404578102953,14.444925348301169,0.3
46354.63290286064,5,device30,cloud2,5,5.74,100.518,0.0,2.05,0.3411452313137383,36.85086091432905,31.713144943226283,1.735496209389558,0.25009263768033796,0.6529114700969199,621.2316302422046,25.85941436152999,0.3
52170.07694029808,14,device1,cloud4,14,5.46,61.535,0.0,2.82,0.15331167558516806,70.66607490665257,9.518795847718627,4.024398055089653,0.20353065476847748,0.8773282969477294,615.268975752251,24.162251847445233,0.8
52170.07694029808,14,device2,cloud5,14,28.5,97.57,0.0,2.33,0.22686539514015336,58.65781489144146,22.764421601637288,0.5375802787902917,0.12547054078727224,0.7447632965663691,598.9223099976634,18.96253800965492,0.8
52170.07694029808,14,device3,cloud2,14,4.13,131.247,0.0,1.42,0.2327746495551645,39.64701498722409,46.346847691679145,3.0572241253905315,0.14221099315494304,0.6839618987480218,499.3988579877364,21.271584583783724,0.8
52170.07694029808,14,device4,cloud2,14,5.35,134.913,0.0,1.36,0.3783141672175063,21.285303507954907,48.07335094534069,2.608440543752819,0.22614224636376878,0.6839618987480218,499.3988579877364,21.271584583783724,0.8
52170.07694029808,14,device5,cloud7,14,0.812,86.437,0.0,2.28,0.38365474953363343,53.86887551030294,22.000462737074038,3.8282789052025485,0.17505490873049231,0.6176594011682512,580.6381756098283,19.453107039296622,0.8
52170.07694029808,14,device6,cloud4,14,2.29,103.051,0.0,1.96,0.40362060545579337,75.0895674114016,30.436321919419942,2.661183439367604,0.16330572403641025,0.8773282969477294,615.268975752251,24.162251847445233,0.8
52170.07694029808,14,device7,cloud7,14,7.76,123.476,0.0,1.61,0.21036585436028715,70.14218721648425,40.269790599323244,1.4802576498004032,0.29106611641848135,0.6176594011682512,580.6381756098283,19.453107039296622,0.8
52170.07694029808,14,device8,cloud2,14,1.79,95.093,0.0,2.12,0.2851573919171556,13.450085850377347,28.081285950354033,3.4617585994945372,0.20725546586520127,0.6839618987480218,499.3988579877364,21.271584583783724,0.8
52170.07694029808,14,device9,cloud3,14,2.16,92.969,0.0,2.16,0.3306552709826762,70.6669941484271,23.88994237180618,4.570831009661848,0.1916780132551914,0.8052684605982388,605.3097930184596,21.42725855057446,0.8
52170.07694029808,14,device10,cloud1,14,1.15,115.593,0.0,1.7,0.1370022821370634,66.618912063133,33.2680031608103,1.6596807108174465,0.22207693576477305,0.6416877081346802,646.238881599698,23.798508408000263,0.8
52170.07694029808,14,device11,cloud2,14,9.72,47.449,0.0,3.15,0.33654322091340366,14.71574711974895,4.257590767460306,0.7281193285229021,0.2081477827591813,0.6839618987480218,499.3988579877364,21.271584583783724,0.8
52170.07694029808,14,device12,cloud2,14,2.45,67.782,0.0,2.67,0.20856759459340482,27.462011357818383,14.607286319602482,4.321984527504003,0.23009281350613975,0.6839618987480218,499.3988579877364,21.271584583783724,0.8
52170.07694029808,14,device13,cloud3,14,6.29,108.935,0.0,1.88,0.30668959088825043,31.372338383038944,31.836324571363022,2.2912238215914544,0.2386101371259879,0.8052684605982388,605.3097930184596,21.42725855057446,0.8
52170.07694029808,14,device14,cloud2,14,5.82,112.317,0.0,1.81,0.4473401494730773,82.25670316245072,36.93620373645412,1.6964076213264911,0.2212111183365439,0.6839618987480218,499.3988579877364,21.271584583783724,0.8
52170.07694029808,14,device15,cloud7,14,2.06,81.94,0.0,2.38,0.37283888568131807,27.035864545220644,19.97146305527845,3.9853985369393414,0.1781930764257505,0.6176594011682512,580.6381756098283,19.453107039296622,0.8
52170.07694029808,14,device16,cloud4,14,4.21,61.368,0.0,2.81,0.4331272099036112,68.51773029466872,9.562532466615773,1.665049792417097,0.13668814200517226,0.8773282969477294,615.268975752251,24.162251847445233,0.8
52170.07694029808,14,device17,cloud4,14,3.27,101.574,0.0,2.0,0.17450882861530614,69.9123053715808,29.671533407724336,2.9052673456537508,0.1260840658469644,0.8773282969477294,615.268975752251,24.162251847445233,0.8
52170.07694029808,14,device18,cloud7,14,2.77,102.151,0.0,1.98,0.27826112093418653,84.91883685422286,30.145544026514923,1.374142437800695,0.20578270639831706,0.6176594011682512,580.6381756098283,19.453107039296622,0.8
52170.07694029808,14,device19,cloud3,14,3.15,132.464,0.0,1.38,0.4773449630524954,48.764674556299994,43.25251927721427,2.179153268487944,0.2996512850719333,0.8052684605982388,605.3097930184596,21.42725855057446,0.8
52170.07694029808,14,device20,cloud4,14,4.54,129.414,0.0,1.46,0.1586530902730104,86.05871256726667,43.693424943597044,3.5930972901502747,0.2847823637854566,0.8773282969477294,615.268975752251,24.162251847445233,0.8
52170.07694029808,14,device21,cloud2,14,2.84,56.476,0.0,2.9,0.42430676478186513,84.90991228893174,8.916744058718683,3.501570701893899,0.14819022778954394,0.6839618987480218,499.3988579877364,21.271584583783724,0.8
52170.07694029808,14,device22,cloud2,14,18.7,43.778,0.0,3.31,0.3003206410007373,51.454601268507886,2.457221999498234,0.7668117572709771,0.17809817957362967,0.6839618987480218,499.3988579877364,21.271584583783724,0.8
52170.07694029808,14,device23,cloud3,14,2.14,114.024,0.0,1.74,0.369737359742616,69.14922336927077,34.38288511539217,3.346318603041165,0.2244781535409746,0.8052684605982388,605.3097930184596,21.42725855057446,0.8
52170.07694029808,14,device24,cloud2,14,2.91,135.353,0.0,1.32,0.48948455566228,55.71567013163522,48.23257494752022,4.7080527581084555,0.263346239250945,0.6839618987480218,499.3988579877364,21.271584583783724,0.8
52170.07694029808,14,device25,cloud4,14,22.1,98.239,0.0,2.26,0.45687798653055867,86.96540645665053,28.14577866687706,0.9180653261913263,0.22216278670730516,0.8773282969477294,615.268975752251,24.162251847445233,0.8
52170.07694029808,14,device26,cloud7,14,2.65,117.479,0.0,1.68,0.1863552308784407,43.68582736505059,37.543940168307614,3.5396574614177077,0.2231550528210403,0.6176594011682512,580.6381756098283,19.453107039296622,0.8
52170.07694029808,14,device27,cloud2,14,2.34,120.055,0.0,1.62,0.48797963763772867,85.39194528652982,40.85165283871714,2.195931192591032,0.15236119225116104,0.6839618987480218,499.3988579877364,21.271584583783724,0.8
52170.07694029808,14,device28,cloud1,14,5.4,125.529,0.0,1.54,0.19077027202418162,15.802258047822761,37.90889843888375,3.0067500952560904,0.15498667495279522,0.6416877081346802,646.238881599698,23.798508408000263,0.8
52170.07694029808,14,device29,cloud1,14,10.7,97.858,0.0,2.15,0.449084889973702,16.70537378308275,24.591437584229844,0.9585308605774684,0.10755762313048008,0.6416877081346802,646.238881599698,23.798508408000263,0.8
52170.07694029808,14,device30,cloud3,14,13.1,109.554,0.0,1.94,0.3411452313137383,36.85086091432905,31.713144943226283,1.735496209389558,0.25009263768033796,0.8052684605982388,605.3097930184596,21.42725855057446,0.8
57879.23914933205,0,device1,cloud2,0,1.96,57.847,0.0,2.86,0.15331167558516806,70.66607490665257,9.518795847718627,4.024398055089653,0.20353065476847748,0.5831810641902635,627.2833154024662,17.956725533232976,0.2
57879.23914933205,0,device2,cloud2,0,17.5,84.262,0.0,2.49,0.22686539514015336,58.65781489144146,22.764421601637288,0.5375802787902917,0.12547054078727224,0.5831810641902635,627.2833154024662,17.956725533232976,0.2
57879.23914933205,0,device3,cloud4,0,1.17,135.095,0.0,1.31,0.2327746495551645,39.64701498722409,46.346847691679145,3.0572241253905315,0.14221099315494304,0.7406761465135387,595.8440787982345,19.662594696062342,0.2
57879.23914933205,0,device4,cloud7,0,0.88,138.254,0.0,1.24,0.3783141672175063,21.285303507954907,48.07335094534069,2.608440543752819,0.22614224636376878,0.5603025261912751,645.1946259039948,19.704681281174356,0.2
57879.23914933205,0,device5,cloud2,0,1.8,82.572,0.0,2.37,0.38365474953363343,53.86887551030294,22.000462737074038,3.8282789052025485,0.17505490873049231,0.5831810641902635,627.2833154024662,17.956725533232976,0.2
57879.23914933205,0,device6,cloud4,0,5.26,103.244,0.0,1.99,0.40362060545579337,75.0895674114016,30.436321919419942,2.661183439367604,0.16330572403641025,0.7406761465135387,595.8440787982345,19.662594696062342,0.2
57879.23914933205,0,device7,cloud7,0,2.55,122.858,0.0,1.57,0.21036585436028715,70.14218721648425,40.269790599323244,1.4802576498004032,0.29106611641848135,0.5603025261912751,645.1946259039948,19.704681281174356,0.2
57879.23914933205,0,device8,cloud3,0,2.01,101.859,0.0,1.98,0.2851573919171556,13.450085850377347,28.081285950354033,3.4617585994945372,0.20725546586520127,0.7946156126813224,611.2027067697585,21.332563373730256,0.2
57879.23914933205,0,device9,cloud2,0,1.26,85.904,0.0,2.29,0.3306552709826762,70.6669941484271,23.88994237180618,4.570831009661848,0.1916780132551914,0.5831810641902635,627.2833154024662,17.956725533232976,0.2
57879.23914933205,0,device10,cloud2,0,2.36,105.226,0.0,1.92,0.1370022821370634,66.618912063133,33.2680031608103,1.6596807108174465,0.22207693576477305,0.5831810641902635,627.2833154024662,17.956725533232976,0.2
57879.23914933205,0,device11,cloud7,0,9.98,51.052,0.0,3.08,0.33654322091340366,14.71574711974895,4.257590767460306,0.7281193285229021,0.2081477827591813,0.5603025261912751,645.1946259039948,19.704681281174356,0.2
57879.23914933205,0,device12,cloud2,0,1.76,67.908,0.0,2.66,0.20856759459340482,27.462011357818383,14.607286319602482,4.321984527504003,0.23009281350613975,0.5831810641902635,627.2833154024662,17.956725533232976,0.2
57879.23914933205,0,device13,cloud2,0,2.28,102.869,0.0,1.97,0.30668959088825043,31.372338383038944,31.836324571363022,2.2912238215914544,0.2386101371259879,0.5831810641902635,627.2833154024662,17.956725533232976,0.2
57879.23914933205,0,device14,cloud2,0,3.03,112.76,0.0,1.78,0.4473401494730773,82.25670316245072,36.93620373645412,1.6964076213264911,0.2212111183365439,0.5831810641902635,627.2833154024662,17.956725533232976,0.2
57879.23914933205,0,device15,cloud7,0,4.61,82.282,0.0,2.4,0.37283888568131807,27.035864545220644,19.97146305527845,3.9853985369393414,0.1781930764257505,0.5603025261912751,645.1946259039948,19.704681281174356,0.2
57879.23914933205,0,device16,cloud7,0,13.5,61.187,0.0,2.91,0.4331272099036112,68.51773029466872,9.562532466615773,1.665049792417097,0.13668814200517226,0.5603025261912751,645.1946259039948,19.704681281174356,0.2
57879.23914933205,0,device17,cloud2,0,1.92,97.742,0.0,2.06,0.17450882861530614,69.9123053715808,29.671533407724336,2.9052673456537508,0.1260840658469644,0.5831810641902635,627.2833154024662,17.956725533232976,0.2
57879.23914933205,0,device18,cloud1,0,13.9,108.809,0.0,1.96,0.27826112093418653,84.91883685422286,30.145544026514923,1.374142437800695,0.20578270639831706,0.6362882185192487,614.0223083213511,23.131320925663317,0.2
57879.23914933205,0,device19,cloud2,0,1.84,125.058,0.0,1.52,0.4773449630524954,48.764674556299994,43.25251927721427,2.179153268487944,0.2996512850719333,0.5831810641902635,627.2833154024662,17.956725533232976,0.2
57879.23914933205,0,device20,cloud2,0,0.854,126.309,0.0,1.48,0.1586530902730104,86.05871256726667,43.693424943597044,3.5930972901502747,0.2847823637854566,0.5831810641902635,627.2833154024662,17.956725533232976,0.2
57879.23914933205,0,device21,cloud7,0,3.96,59.997,0.0,2.84,0.42430676478186513,84.90991228893174,8.916744058718683,3.501570701893899,0.14819022778954394,0.5603025261912751,645.1946259039948,19.704681281174356,0.2
57879.23914933205,0,device22,cloud4,0,14.0,47.071,0.0,3.2,0.3003206410007373,51.454601268507886,2.457221999498234,0.7668117572709771,0.17809817957362967,0.7406761465135387,595.8440787982345,19.662594696062342,0.2
57879.23914933205,0,device23,cloud2,0,2.16,107.185,0.0,1.88,0.369737359742616,69.14922336927077,34.38288511539217,3.346318603041165,0.2244781535409746,0.5831810641902635,627.2833154024662,17.956725533232976,0.2
57879.23914933205,0,device24,cloud4,0,0.83,139.193,0.0,1.22,0.48948455566228,55.71567013163522,48.23257494752022,4.7080527581084555,0.263346239250945,0.7406761465135387,595.8440787982345,19.662594696062342,0.2
57879.23914933205,0,device25,cloud7,0,22.3,98.654,0.0,2.25,0.45687798653055867,86.96540645665053,28.14577866687706,0.9180653261913263,0.22216278670730516,0.5603025261912751,645.1946259039948,19.704681281174356,0.2
57879.23914933205,0,device26,cloud4,0,2.05,117.489,0.0,1.67,0.1863552308784407,43.68582736505059,37.543940168307614,3.5396574614177077,0.2231550528210403,0.7406761465135387,595.8440787982345,19.662594696062342,0.2
57879.23914933205,0,device27,cloud2,0,0.979,120.492,0.0,1.6,0.48797963763772867,85.39194528652982,40.85165283871714,2.195931192591032,0.15236119225116104,0.5831810641902635,627.2833154024662,17.956725533232976,0.2
57879.23914933205,0,device28,cloud2,0,2.05,114.103,0.0,1.74,0.19077027202418162,15.802258047822761,37.90889843888375,3.0067500952560904,0.15498667495279522,0.5831810641902635,627.2833154024662,17.956725533232976,0.2
57879.23914933205,0,device29,cloud3,0,10.6,94.326,0.0,2.22,0.449084889973702,16.70537378308275,24.591437584229844,0.9585308605774684,0.10755762313048008,0.7946156126813224,611.2027067697585,21.332563373730256,0.2
57879.23914933205,0,device30,cloud2,0,3.94,101.975,0.0,2.0,0.3411452313137383,36.85086091432905,31.713144943226283,1.735496209389558,0.25009263768033796,0.5831810641902635,627.2833154024662,17.956725533232976,0.2
63664.62243103981,10,device1,cloud2,10,2.41,57.532,0.0,2.87,0.15331167558516806,70.66607490665257,9.518795847718627,4.024398055089653,0.20353065476847748,0.5923559008121844,594.6682574073442,23.305768662833223,0.9
63664.62243103981,10,device2,cloud5,10,20.3,97.465,0.0,2.25,0.22686539514015336,58.65781489144146,22.764421601637288,0.5375802787902917,0.12547054078727224,0.8263741686672121,488.91480061839377,9.382383639286509,0.9
63664.62243103981,10,device3,cloud2,10,5.71,131.15,0.0,1.43,0.2327746495551645,39.64701498722409,46.346847691679145,3.0572241253905315,0.14221099315494304,0.5923559008121844,594.6682574073442,23.305768662833223,0.9
63664.62243103981,10,device4,cloud2,10,6.24,135.026,0.0,1.36,0.3783141672175063,21.285303507954907,48.07335094534069,2.608440543752819,0.22614224636376878,0.5923559008121844,594.6682574073442,23.305768662833223,0.9
63664.62243103981,10,device5,cloud2,10,0.922,82.681,10.0,2.16,0.38365474953363343,53.86887551030294,22.000462737074038,3.8282789052025485,0.17505490873049231,0.5923559008121844,594.6682574073442,23.305768662833223,0.9
63664.62243103981,10,device6,cloud7,10,2.79,103.11,0.0,1.97,0.40362060545579337,75.0895674114016,30.436321919419942,2.661183439367604,0.16330572403641025,0.5564512147077093,575.463576587113,30.670007864038865,0.9
63664.62243103981,10,device7,cloud2,10,1.52,119.136,0.0,1.63,0.21036585436028715,70.14218721648425,40.269790599323244,1.4802576498004032,0.29106611641848135,0.5923559008121844,594.6682574073442,23.305768662833223,0.9
63664.62243103981,10,device8,cloud7,10,1.51,98.41,0.0,2.05,0.2851573919171556,13.450085850377347,28.081285950354033,3.4617585994945372,0.20725546586520127,0.5564512147077093,575.463576587113,30.670007864038865,0.9
63664.62243103981,10,device9,cloud7,10,1.98,90.448,0.0,2.21,0.3306552709826762,70.6669941484271,23.88994237180618,4.570831009661848,0.1916780132551914,0.5564512147077093,575.463576587113,30.670007864038865,0.9
63664.62243103981,10,device10,cloud2,10,17.5,105.818,0.0,2.06,0.1370022821370634,66.618912063133,33.2680031608103,1.6596807108174465,0.22207693576477305,0.5923559008121844,594.6682574073442,23.305768662833223,0.9
63664.62243103981,10,device11,cloud2,10,7.66,47.299,0.0,3.13,0.33654322091340366,14.71574711974895,4.257590767460306,0.7281193285229021,0.2081477827591813,0.5923559008121844,594.6682574073442,23.305768662833223,0.9
63664.62243103981,10,device12,cloud2,10,1.05,67.294,0.0,2.66,0.20856759459340482,27.462011357818383,14.607286319602482,4.321984527504003,0.23009281350613975,0.5923559008121844,594.6682574073442,23.305768662833223,0.9
63664.62243103981,10,device13,cloud7,10,0.781,106.082,0.0,1.89,0.30668959088825043,31.372338383038944,31.836324571363022,2.2912238215914544,0.2386101371259879,0.5564512147077093,575.463576587113,30.670007864038865,0.9
63664.62243103981,10,device14,cloud3,10,12.0,119.099,0.0,1.74,0.4473401494730773,82.25670316245072,36.93620373645412,1.6964076213264911,0.2212111183365439,0.7112700661027647,581.9690812566075,27.757605219626786,0.9
63664.62243103981,10,device15,cloud3,10,1.87,84.474,0.0,2.33,0.37283888568131807,27.035864545220644,19.97146305527845,3.9853985369393414,0.1781930764257505,0.7112700661027647,581.9690812566075,27.757605219626786,0.9
63664.62243103981,10,device16,cloud4,10,15.7,61.2,0.0,2.93,0.4331272099036112,68.51773029466872,9.562532466615773,1.665049792417097,0.13668814200517226,0.887095070013606,582.8857677273029,20.461893718550872,0.9
63664.62243103981,10,device17,cloud2,10,2.82,97.784,0.0,2.07,0.17450882861530614,69.9123053715808,29.671533407724336,2.9052673456537508,0.1260840658469644,0.5923559008121844,594.6682574073442,23.305768662833223,0.9
63664.62243103981,10,device18,cloud7,10,5.27,102.4,0.0,2.0,0.27826112093418653,84.91883685422286,30.145544026514923,1.374142437800695,0.20578270639831706,0.5564512147077093,575.463576587113,30.670007864038865,0.9
63664.62243103981,10,device19,cloud2,10,3.97,125.073,0.0,1.54,0.4773449630524954,48.764674556299994,43.25251927721427,2.179153268487944,0.2996512850719333,0.5923559008121844,594.6682574073442,23.305768662833223,0.9
63664.62243103981,10,device20,cloud2,10,2.27,126.532,0.0,1.49,0.1586530902730104,86.05871256726667,43.693424943597044,3.5930972901502747,0.2847823637854566,0.5923559008121844,594.6682574073442,23.305768662833223,0.9
63664.62243103981,10,device21,cloud4,10,2.85,59.739,0.0,2.83,0.42430676478186513,84.90991228893174,8.916744058718683,3.501570701893899,0.14819022778954394,0.887095070013606,582.8857677273029,20.461893718550872,0.9
63664.62243103981,10,device22,cloud7,10,16.1,46.991,0.0,3.22,0.3003206410007373,51.454601268507886,2.457221999498234,0.7668117572709771,0.17809817957362967,0.5564512147077093,575.463576587113,30.670007864038865,0.9
63664.62243103981,10,device23,cloud2,10,2.9,106.996,0.0,1.89,0.369737359742616,69.14922336927077,34.38288511539217,3.346318603041165,0.2244781535409746,0.5923559008121844,594.6682574073442,23.305768662833223,0.9
63664.62243103981,10,device24,cloud7,10,0.804,139.028,0.0,1.23,0.48948455566228,55.71567013163522,48.23257494752022,4.7080527581084555,0.263346239250945,0.5564512147077093,575.463576587113,30.670007864038865,0.9
63664.62243103981,10,device25,cloud3,10,9.19,101.998,0.0,2.05,0.45687798653055867,86.96540645665053,28.14577866687706,0.9180653261913263,0.22216278670730516,0.7112700661027647,581.9690812566075,27.757605219626786,0.9
63664.62243103981,10,device26,cloud4,10,2.3,117.638,0.0,1.67,0.1863552308784407,43.68582736505059,37.543940168307614,3.5396574614177077,0.2231550528210403,0.887095070013606,582.8857677273029,20.461893718550872,0.9
63664.62243103981,10,device27,cloud4,10,2.26,123.085,0.0,1.56,0.48797963763772867,85.39194528652982,40.85165283871714,2.195931192591032,0.15236119225116104,0.887095070013606,582.8857677273029,20.461893718550872,0.9
63664.62243103981,10,device28,cloud7,10,4.68,117.641,0.0,1.69,0.19077027202418162,15.802258047822761,37.90889843888375,3.0067500952560904,0.15498667495279522,0.5564512147077093,575.463576587113,30.670007864038865,0.9
63664.62243103981,10,device29,cloud2,10,8.72,87.073,0.0,2.35,0.449084889973702,16.70537378308275,24.591437584229844,0.9585308605774684,0.10755762313048008,0.5923559008121844,594.6682574073442,23.305768662833223,0.9
63664.62243103981,10,device30,cloud7,10,4.55,104.879,0.0,1.95,0.3411452313137383,36.85086091432905,31.713144943226283,1.735496209389558,0.25009263768033796,0.5564512147077093,575.463576587113,30.670007864038865,0.9
69377.09250473976,19,device1,cloud2,19,2.71,56.454,0.0,2.9,0.15331167558516806,70.66607490665257,9.518795847718627,4.024398055089653,0.20353065476847748,0.5413051347469743,570.3257829327501,14.909974071887898,0.8
69377.09250473976,19,device2,cloud1,19,23.1,93.769,0.0,2.36,0.22686539514015336,58.65781489144146,22.764421601637288,0.5375802787902917,0.12547054078727224,0.36746447448009023,631.0513796402524,21.58018830083237,0.8
69377.09250473976,19,device3,cloud4,19,1.18,134.636,0.0,1.32,0.2327746495551645,39.64701498722409,46.346847691679145,3.0572241253905315,0.14221099315494304,0.7512533826763823,645.900842374089,20.044914967490058,0.8
69377.09250473976,19,device4,cloud2,19,0.697,133.795,0.0,1.33,0.3783141672175063,21.285303507954907,48.07335094534069,2.608440543752819,0.22614224636376878,0.5413051347469743,570.3257829327501,14.909974071887898,0.8
69377.09250473976,19,device5,cloud2,19,2.11,81.26,0.0,2.4,0.38365474953363343,53.86887551030294,22.000462737074038,3.8282789052025485,0.17505490873049231,0.5413051347469743,570.3257829327501,14.909974071887898,0.8
69377.09250473976,19,device6,cloud4,19,2.08,102.544,0.0,1.97,0.40362060545579337,75.0895674114016,30.436321919419942,2.661183439367604,0.16330572403641025,0.7512533826763823,645.900842374089,20.044914967490058,0.8
69377.09250473976,19,device7,cloud2,19,4.29,119.258,0.0,1.66,0.21036585436028715,70.14218721648425,40.269790599323244,1.4802576498004032,0.29106611641848135,0.5413051347469743,570.3257829327501,14.909974071887898,0.8
69377.09250473976,19,device8,cloud3,19,3.25,101.112,0.0,2.01,0.2851573919171556,13.450085850377347,28.081285950354033,3.4617585994945372,0.20725546586520127,0.962805574786884,561.943012771931,22.003055796623112,0.8
69377.09250473976,19,device9,cloud7,19,1.62,89.454,0.0,2.23,0.3306552709826762,70.6669941484271,23.88994237180618,4.570831009661848,0.1916780132551914,0.38875714819633655,615.8918793500942,17.059354558453517,0.8
69377.09250473976,19,device10,cloud4,19,7.29,108.458,0.0,1.9,0.1370022821370634,66.618912063133,33.2680031608103,1.6596807108174465,0.22207693576477305,0.7512533826763823,645.900842374089,20.044914967490058,0.8
69377.09250473976,19,device11,cloud4,19,11.0,49.946,0.0,3.11,0.33654322091340366,14.71574711974895,4.257590767460306,0.7281193285229021,0.2081477827591813,0.7512533826763823,645.900842374089,20.044914967490058,0.8
69377.09250473976,19,device12,cloud2,19,1.64,67.059,0.0,2.68,0.20856759459340482,27.462011357818383,14.607286319602482,4.321984527504003,0.23009281350613975,0.5413051347469743,570.3257829327501,14.909974071887898,0.8
69377.09250473976,19,device13,cloud2,19,6.47,101.93,0.0,2.03,0.30668959088825043,31.372338383038944,31.836324571363022,2.2912238215914544,0.2386101371259879,0.5413051347469743,570.3257829327501,14.909974071887898,0.8
69377.09250473976,19,device14,cloud3,19,6.62,118.864,0.0,1.69,0.4473401494730773,82.25670316245072,36.93620373645412,1.6964076213264911,0.2212111183365439,0.962805574786884,561.943012771931,22.003055796623112,0.8
69377.09250473976,19,device15,cloud4,19,1.56,80.723,0.0,2.4,0.37283888568131807,27.035864545220644,19.97146305527845,3.9853985369393414,0.1781930764257505,0.7512533826763823,645.900842374089,20.044914967490058,0.8
69377.09250473976,19,device16,cloud2,19,6.76,56.813,0.0,2.93,0.4331272099036112,68.51773029466872,9.562532466615773,1.665049792417097,0.13668814200517226,0.5413051347469743,570.3257829327501,14.909974071887898,0.8
69377.09250473976,19,device17,cloud1,19,2.95,108.11,0.0,1.87,0.17450882861530614,69.9123053715808,29.671533407724336,2.9052673456537508,0.1260840658469644,0.36746447448009023,631.0513796402524,21.58018830083237,0.8
69377.09250473976,19,device18,cloud1,19,16.7,108.459,0.0,2.0,0.27826112093418653,84.91883685422286,30.145544026514923,1.374142437800695,0.20578270639831706,0.36746447448009023,631.0513796402524,21.58018830083237,0.8
69377.09250473976,19,device19,cloud3,19,6.26,131.103,0.0,1.44,0.4773449630524954,48.764674556299994,43.25251927721427,2.179153268487944,0.2996512850719333,0.962805574786884,561.943012771931,22.003055796623112,0.8
69377.09250473976,19,device20,cloud7,19,1.48,128.914,0.0,1.44,0.1586530902730104,86.05871256726667,43.693424943597044,3.5930972901502747,0.2847823637854566,0.38875714819633655,615.8918793500942,17.059354558453517,0.8
69377.09250473976,19,device21,cloud3,19,1.76,63.099,0.0,2.76,0.42430676478186513,84.90991228893174,8.916744058718683,3.501570701893899,0.14819022778954394,0.962805574786884,561.943012771931,22.003055796623112,0.8
69377.09250473976,19,device22,cloud4,19,11.8,47.664,0.0,3.16,0.3003206410007373,51.454601268507886,2.457221999498234,0.7668117572709771,0.17809817957362967,0.7512533826763823,645.900842374089,20.044914967490058,0.8
69377.09250473976,19,device23,cloud3,19,3.5,113.471,0.0,1.77,0.369737359742616,69.14922336927077,34.38288511539217,3.346318603041165,0.2244781535409746,0.962805574786884,561.943012771931,22.003055796623112,0.8
69377.09250473976,19,device24,cloud2,19,1.72,134.156,0.0,1.33,0.48948455566228,55.71567013163522,48.23257494752022,4.7080527581084555,0.263346239250945,0.5413051347469743,570.3257829327501,14.909974071887898,0.8
69377.09250473976,19,device25,cloud2,19,21.2,94.054,0.0,2.33,0.45687798653055867,86.96540645665053,28.14577866687706,0.9180653261913263,0.22216278670730516,0.5413051347469743,570.3257829327501,14.909974071887898,0.8
69377.09250473976,19,device26,cloud4,19,0.996,117.489,0.0,1.66,0.1863552308784407,43.68582736505059,37.543940168307614,3.5396574614177077,0.2231550528210403,0.7512533826763823,645.900842374089,20.044914967490058,0.8
69377.09250473976,19,device27,cloud3,19,6.95,126.992,0.0,1.53,0.48797963763772867,85.39194528652982,40.85165283871714,2.195931192591032,0.15236119225116104,0.962805574786884,561.943012771931,22.003055796623112,0.8
69377.09250473976,19,device28,cloud7,19,2.48,118.121,0.0,1.66,0.19077027202418162,15.802258047822761,37.90889843888375,3.0067500952560904,0.15498667495279522,0.38875714819633655,615.8918793500942,17.059354558453517,0.8
69377.09250473976,19,device29,cloud7,19,7.33,90.523,0.0,2.26,0.449084889973702,16.70537378308275,24.591437584229844,0.9585308605774684,0.10755762313048008,0.38875714819633655,615.8918793500942,17.059354558453517,0.8
69377.09250473976,19,device30,cloud5,19,12.5,114.28,0.0,1.84,0.3411452313137383,36.85086091432905,31.713144943226283,1.735496209389558,0.25009263768033796,0.6888995723851024,527.8638884703959,22.148539568042683,0.8
75008.8947865963,5,device1,cloud4,5,3.7,60.672,0.0,2.82,0.15331167558516806,70.66607490665257,9.518795847718627,4.024398055089653,0.20353065476847748,0.6096134049939602,516.4378491426795,28.883944865175287,0.3
75008.8947865963,5,device2,cloud2,5,7.29,83.759,0.0,2.4,0.22686539514015336,58.65781489144146,22.764421601637288,0.5375802787902917,0.12547054078727224,0.6529114700969199,621.2316302422046,25.85941436152999,0.3
75008.8947865963,5,device3,cloud7,5,1.4,134.116,0.0,1.33,0.2327746495551645,39.64701498722409,46.346847691679145,3.0572241253905315,0.14221099315494304,0.5120893712682626,601.7404578102953,14.444925348301169,0.3
75008.8947865963,5,device4,cloud2,5,1.76,134.153,0.0,1.33,0.3783141672175063,21.285303507954907,48.07335094534069,2.608440543752819,0.22614224636376878,0.6529114700969199,621.2316302422046,25.85941436152999,0.3
75008.8947865963,5,device5,cloud2,5,1.28,82.054,0.0,2.37,0.38365474953363343,53.86887551030294,22.000462737074038,3.8282789052025485,0.17505490873049231,0.6529114700969199,621.2316302422046,25.85941436152999,0.3
75008.8947865963,5,device6,cloud7,5,1.81,102.55,0.0,1.97,0.40362060545579337,75.0895674114016,30.436321919419942,2.661183439367604,0.16330572403641025,0.5120893712682626,601.7404578102953,14.444925348301169,0.3
75008.8947865963,5,device7,cloud2,5,2.43,119.366,0.0,1.64,0.21036585436028715,70.14218721648425,40.269790599323244,1.4802576498004032,0.29106611641848135,0.6529114700969199,621.2316302422046,25.85941436152999,0.3
75008.8947865963,5,device8,cloud2,5,1.01,94.342,0.0,2.12,0.2851573919171556,13.450085850377347,28.081285950354033,3.4617585994945372,0.20725546586520127,0.6529114700969199,621.2316302422046,25.85941436152999,0.3
75008.8947865963,5,device9,cloud3,5,2.45,92.707,0.0,2.17,0.3306552709826762,70.6669941484271,23.88994237180618,4.570831009661848,0.1916780132551914,0.8100740200804001,621.9814040824078,11.069241304134787,0.3
75008.8947865963,5,device10,cloud2,5,4.28,104.675,0.0,1.95,0.1370022821370634,66.618912063133,33.2680031608103,1.6596807108174465,0.22207693576477305,0.6529114700969199,621.2316302422046,25.85941436152999,0.3
75008.8947865963,5,device11,cloud2,5,7.18,47.173,0.0,3.13,0.33654322091340366,14.71574711974895,4.257590767460306,0.7281193285229021,0.2081477827591813,0.6529114700969199,621.2316302422046,25.85941436152999,0.3
75008.8947865963,5,device12,cloud7,5,1.03,70.792,0.0,2.59,0.20856759459340482,27.462011357818383,14.607286319602482,4.321984527504003,0.23009281350613975,0.5120893712682626,601.7404578102953,14.444925348301169,0.3
75008.8947865963,5,device13,cloud2,5,1.26,101.739,0.0,1.98,0.30668959088825043,31.372338383038944,31.836324571363022,2.2912238215914544,0.2386101371259879,0.6529114700969199,621.2316302422046,25.85941436152999,0.3
75008.8947865963,5,device14,cloud1,5,11.6,122.921,0.0,1.66,0.4473401494730773,82.25670316245072,36.93620373645412,1.6964076213264911,0.2212111183365439,0.49199125871226496,677.4135002078555,25.40446579044986,0.3
75008.8947865963,5,device15,cloud4,5,1.28,81.657,0.0,2.38,0.37283888568131807,27.035864545220644,19.97146305527845,3.9853985369393414,0.1781930764257505,0.6096134049939602,516.4378491426795,28.883944865175287,0.3
75008.8947865963,5,device16,cloud7,5,5.79,60.583,0.0,2.85,0.4331272099036112,68.51773029466872,9.562532466615773,1.665049792417097,0.13668814200517226,0.5120893712682626,601.7404578102953,14.444925348301169,0.3
75008.8947865963,5,device17,cloud2,5,2.08,97.83,0.0,2.06,0.17450882861530614,69.9123053715808,29.671533407724336,2.9052673456537508,0.1260840658469644,0.6529114700969199,621.2316302422046,25.85941436152999,0.3
75008.8947865963,5,device18,cloud7,5,7.02,101.953,0.0,2.03,0.27826112093418653,84.91883685422286,30.145544026514923,1.374142437800695,0.20578270639831706,0.5120893712682626,601.7404578102953,14.444925348301169,0.3
75008.8947865963,5,device19,cloud7,5,12.8,128.984,0.0,1.55,0.4773449630524954,48.764674556299994,43.25251927721427,2.179153268487944,0.2996512850719333,0.5120893712682626,601.7404578102953,14.444925348301169,0.3
75008.8947865963,5,device20,cloud4,5,4.85,129.255,0.0,1.46,0.1586530902730104,86.05871256726667,43.693424943597044,3.5930972901502747,0.2847823637854566,0.6096134049939602,516.4378491426795,28.883944865175287,0.3
75008.8947865963,5,device21,cloud7,5,2.5,59.116,0.0,2.84,0.42430676478186513,84.90991228893174,8.916744058718683,3.501570701893899,0.14819022778954394,0.5120893712682626,601.7404578102953,14.444925348301169,0.3
75008.8947865963,5,device22,cloud2,5,12.1,43.2,0.0,3.26,0.3003206410007373,51.454601268507886,2.457221999498234,0.7668117572709771,0.17809817957362967,0.6529114700969199,621.2316302422046,25.85941436152999,0.3
75008.8947865963,5,device23,cloud4,5,4.47,110.021,0.0,1.84,0.369737359742616,69.14922336927077,34.38288511539217,3.346318603041165,0.2244781535409746,0.6096134049939602,516.4378491426795,28.883944865175287,0.3
75008.8947865963,5,device24,cloud2,5,0.601,134.647,0.0,1.31,0.48948455566228,55.71567013163522,48.23257494752022,4.7080527581084555,0.263346239250945,0.6529114700969199,621.2316302422046,25.85941436152999,0.3
75008.8947865963,5,device25,cloud4,5,4.35,97.585,0.0,2.09,0.45687798653055867,86.96540645665053,28.14577866687706,0.9180653261913263,0.22216278670730516,0.6096134049939602,516.4378491426795,28.883944865175287,0.3
75008.8947865963,5,device26,cloud2,5,1.36,112.61,0.0,1.76,0.1863552308784407,43.68582736505059,37.543940168307614,3.5396574614177077,0.2231550528210403,0.6529114700969199,621.2316302422046,25.85941436152999,0.3
75008.8947865963,5,device27,cloud4,5,2.07,122.925,0.0,1.56,0.48797963763772867,85.39194528652982,40.85165283871714,2.195931192591032,0.15236119225116104,0.6096134049939602,516.4378491426795,28.883944865175287,0.3
75008.8947865963,5,device28,cloud4,5,2.52,117.409,0.0,1.68,0.19077027202418162,15.802258047822761,37.90889843888375,3.0067500952560904,0.15498667495279522,0.6096134049939602,516.4378491426795,28.883944865175287,0.3
75008.8947865963,5,device29,cloud2,5,10.6,86.453,0.0,2.38,0.449084889973702,16.70537378308275,24.591437584229844,0.9585308605774684,0.10755762313048008,0.6529114700969199,621.2316302422046,25.85941436152999,0.3
75008.8947865963,5,device30,cloud2,5,6.98,101.73,0.0,2.04,0.3411452313137383,36.85086091432905,31.713144943226283,1.735496209389558,0.25009263768033796,0.6529114700969199,621.2316302422046,25.85941436152999,0.3
80647.11047077179,14,device1,cloud4,14,5.98,60.155,0.0,2.86,0.15331167558516806,70.66607490665257,9.518795847718627,4.024398055089653,0.20353065476847748,0.8773282969477294,615.268975752251,24.162251847445233,0.8
80647.11047077179,14,device2,cloud4,14,20.7,86.909,0.0,2.47,0.22686539514015336,58.65781489144146,22.764421601637288,0.5375802787902917,0.12547054078727224,0.8773282969477294,615.268975752251,24.162251847445233,0.8
80647.11047077179,14,device3,cloud7,14,0.579,134.277,0.0,1.32,0.2327746495551645,39.64701498722409,46.346847691679145,3.0572241253905315,0.14221099315494304,0.6176594011682512,580.6381756098283,19.453107039296622,0.8
80647.11047077179,14,device4,self,-1,21.285303507954907,48.07335094534069,2.608440543752819,3.2,0.3783141672175063,21.285303507954907,48.07335094534069,2.608440543752819,0.22614224636376878,0,0,0,0.8
80647.11047077179,14,device5,cloud7,14,1.43,85.452,0.0,2.31,0.38365474953363343,53.86887551030294,22.000462737074038,3.8282789052025485,0.17505490873049231,0.6176594011682512,580.6381756098283,19.453107039296622,0.8
80647.11047077179,14,device6,cloud2,14,2.56,98.847,0.0,2.05,0.40362060545579337,75.0895674114016,30.436321919419942,2.661183439367604,0.16330572403641025,0.6839618987480218,499.3988579877364,21.271584583783724,0.8
80647.11047077179,14,device7,cloud7,14,2.99,121.882,0.0,1.59,0.21036585436028715,70.14218721648425,40.269790599323244,1.4802576498004032,0.29106611641848135,0.6176594011682512,580.6381756098283,19.453107039296622,0.8
80647.11047077179,14,device8,cloud2,14,1.39,94.217,0.0,2.13,0.2851573919171556,13.450085850377347,28.081285950354033,3.4617585994945372,0.20725546586520127,0.6839618987480218,499.3988579877364,21.271584583783724,0.8
80647.11047077179,14,device9,cloud4,14,0.762,89.105,0.0,2.23,0.3306552709826762,70.6669941484271,23.88994237180618,4.570831009661848,0.1916780132551914,0.8773282969477294,615.268975752251,24.162251847445233,0.8
80647.11047077179,14,device10,cloud4,14,11.4,108.11,0.0,1.95,0.1370022821370634,66.618912063133,33.2680031608103,1.6596807108174465,0.22207693576477305,0.8773282969477294,615.268975752251,24.162251847445233,0.8
80647.11047077179,14,device11,cloud4,14,9.09,50.605,0.0,3.08,0.33654322091340366,14.71574711974895,4.257590767460306,0.7281193285229021,0.2081477827591813,0.8773282969477294,615.268975752251,24.162251847445233,0.8
80647.11047077179,14,device12,cloud2,14,1.04,66.985,0.0,2.67,0.20856759459340482,27.462011357818383,14.607286319602482,4.321984527504003,0.23009281350613975,0.6839618987480218,499.3988579877364,21.271584583783724,0.8
80647.11047077179,14,device13,cloud2,14,6.14,101.626,0.0,2.03,0.30668959088825043,31.372338383038944,31.836324571363022,2.2912238215914544,0.2386101371259879,0.6839618987480218,499.3988579877364,21.271584583783724,0.8
80647.11047077179,14,device14,cloud4,14,7.32,115.135,0.0,1.77,0.4473401494730773,82.25670316245072,36.93620373645412,1.6964076213264911,0.2212111183365439,0.8773282969477294,615.268975752251,24.162251847445233,0.8
80647.11047077179,14,device15,cloud2,14,1.97,77.783,0.0,2.46,0.37283888568131807,27.035864545220644,19.97146305527845,3.9853985369393414,0.1781930764257505,0.6839618987480218,499.3988579877364,21.271584583783724,0.8
80647.11047077179,14,device16,cloud2,14,5.72,56.669,0.0,2.92,0.4331272099036112,68.51773029466872,9.562532466615773,1.665049792417097,0.13668814200517226,0.6839618987480218,499.3988579877364,21.271584583783724,0.8
80647.11047077179,14,device17,cloud3,14,4.67,104.577,0.0,1.96,0.17450882861530614,69.9123053715808,29.671533407724336,2.9052673456537508,0.1260840658469644,0.8052684605982388,605.3097930184596,21.42725855057446,0.8
80647.11047077179,14,device18,cloud3,14,7.63,104.553,0.0,1.99,0.27826112093418653,84.91883685422286,30.145544026514923,1.374142437800695,0.20578270639831706,0.8052684605982388,605.3097930184596,21.42725855057446,0.8
80647.11047077179,14,device19,cloud2,14,1.55,124.358,0.0,1.53,0.4773449630524954,48.764674556299994,43.25251927721427,2.179153268487944,0.2996512850719333,0.6839618987480218,499.3988579877364,21.271584583783724,0.8
80647.11047077179,14,device20,cloud2,14,4.6,125.165,0.0,1.54,0.1586530902730104,86.05871256726667,43.693424943597044,3.5930972901502747,0.2847823637854566,0.6839618987480218,499.3988579877364,21.271584583783724,0.8
80647.11047077179,14,device21,cloud7,14,3.57,59.125,0.0,2.85,0.42430676478186513,84.90991228893174,8.916744058718683,3.501570701893899,0.14819022778954394,0.6176594011682512,580.6381756098283,19.453107039296622,0.8
80647.11047077179,14,device22,cloud2,14,12.7,43.156,0.0,3.26,0.3003206410007373,51.454601268507886,2.457221999498234,0.7668117572709771,0.17809817957362967,0.6839618987480218,499.3988579877364,21.271584583783724,0.8
80647.11047077179,14,device23,cloud7,14,2.26,110.154,0.0,1.82,0.369737359742616,69.14922336927077,34.38288511539217,3.346318603041165,0.2244781535409746,0.6176594011682512,580.6381756098283,19.453107039296622,0.8
80647.11047077179,14,device24,cloud7,14,1.79,138.56,0.0,1.25,0.48948455566228,55.71567013163522,48.23257494752022,4.7080527581084555,0.263346239250945,0.6176594011682512,580.6381756098283,19.453107039296622,0.8
80647.11047077179,14,device25,cloud2,14,8.46,93.682,0.0,2.21,0.45687798653055867,86.96540645665053,28.14577866687706,0.9180653261913263,0.22216278670730516,0.6839618987480218,499.3988579877364,21.271584583783724,0.8
80647.11047077179,14,device26,cloud7,14,1.47,116.369,0.0,1.69,0.1863552308784407,43.68582736505059,37.543940168307614,3.5396574614177077,0.2231550528210403,0.6176594011682512,580.6381756098283,19.453107039296622,0.8
80647.11047077179,14,device27,cloud3,14,4.12,126.181,0.0,1.52,0.48797963763772867,85.39194528652982,40.85165283871714,2.195931192591032,0.15236119225116104,0.8052684605982388,605.3097930184596,21.42725855057446,0.8
80647.11047077179,14,device28,cloud7,14,1.58,117.381,0.0,1.67,0.19077027202418162,15.802258047822761,37.90889843888375,3.0067500952560904,0.15498667495279522,0.6176594011682512,580.6381756098283,19.453107039296622,0.8
80647.11047077179,14,device29,cloud1,14,11.1,97.151,0.0,2.17,0.449084889973702,16.70537378308275,24.591437584229844,0.9585308605774684,0.10755762313048008,0.6416877081346802,646.238881599698,23.798508408000263,0.8
80647.11047077179,14,device30,cloud7,14,3.98,104.775,0.0,1.94,0.3411452313137383,36.85086091432905,31.713144943226283,1.735496209389558,0.25009263768033796,0.6176594011682512,580.6381756098283,19.453107039296622,0.8
